person,age,country,education,diet_restriction,diet_goal,cooking_exp,eating_habits,gender,recipe_name,healthiness,Nutri_score,fsa_score,recommend_recipe,become_favorite,enjoy_eating,many_to_choose,easy_choice,choice_overwhelming,condition,num_nutri,str_condition
4,b35_45,US,BA,No dietary restrictions,No goals,Low,Unhealthy,Male,Ray's Chicken,healthy,D,8,Neutral,Neutral,Agree,Disagree,Neutral,Disagree,1,4,No label
5,b25_35,US,High_school,No dietary restrictions,"Eat less salt,Eat less sugar,Eat more fruit,Eat more protein,Eat more vegetables",Medium,Neither_healthy_no_unhealthy,Male,Sarge's EZ Pulled Pork BBQ,healthy,A,7,Strongly_Agree,Strongly_Agree,Strongly_Agree,Agree,Agree,Strongly_Agree,1,1,No label
6,b35_45,US,BA,No dietary restrictions,Lose weight,Low,Neither_healthy_no_unhealthy,Male,Bow Ties with Sausage' Tomatoes and Cream,unhealthy,C,10,Neutral,Strongly_Agree,Strongly_Agree,Disagree,Agree,Strongly_Disagree,1,3,No label
7,b25_35,US,High_school,No dietary restrictions,No goals,High,Neither_healthy_no_unhealthy,Male,Scott Hibb's Amazing Whisky Grilled Baby Back Ribs,unhealthy,B,12,Agree,Agree,Strongly_Agree,Strongly_Disagree,Strongly_Agree,Strongly_Disagree,1,2,No label
9,b25_35,US,BA,No dietary restrictions,Eat more fruit,High,Healthy,Female,Pizza Without the Red Sauce,healthy,C,7,Agree,Strongly_Agree,Strongly_Agree,Agree,Agree,Strongly_Agree,1,3,No label
10,b35_45,US,BA,No dietary restrictions,"Eat less salt,Eat less sugar,Eat more vegetables",High,Healthy,Male,Cajun Chicken Pasta,unhealthy,C,10,Agree,Agree,Agree,Disagree,Agree,Strongly_Disagree,1,3,No label
11,b45_55,US,BA,No dietary restrictions,Lose weight,Medium,Healthy,Female,California Grilled Veggie Sandwich,healthy,B,8,Agree,Agree,Strongly_Agree,Disagree,Agree,Disagree,1,2,No label
13,b18_24,US,BA,Vegetarian,"Eat more fruit,Eat more protein,Eat more vegetables",High,Healthy,Female,Coconut Shrimp I,healthy,A,7,Agree,Strongly_Agree,Agree,Strongly_Agree,Agree,Strongly_Agree,1,1,No label
14,bover_55,US,BA,No dietary restrictions,"Eat less salt,Eat more fruit,Eat more vegetables,Lose weight",High,Neither_healthy_no_unhealthy,Male,Chipotle Shrimp Tacos,healthy,A,7,Strongly_Agree,Agree,Agree,Disagree,Strongly_Agree,Disagree,1,1,No label
16,bover_55,US,BA,No dietary restrictions,Eat more vegetables,Medium,Neither_healthy_no_unhealthy,Female,Margarita Grilled Shrimp,healthy,A,6,Neutral,Agree,Agree,Agree,Disagree,Neutral,1,1,No label
19,b25_35,US,High_school,"Halal, Lactose intolerance, Vegetarian","Eat less salt,Eat more fruit,Eat more vegetables",High,Healthy,Male,Bacon Jack Chicken Sandwich,unhealthy,B,10,Agree,Agree,Strongly_Agree,Neutral,Agree,Agree,1,2,No label
22,b45_55,US,BA,Diabetes,Lose weight,Medium,Healthy,Male,Simple Carnitas,healthy,D,8,Agree,Strongly_Agree,Agree,Agree,Agree,Strongly_Agree,1,4,No label
23,bover_55,US,MSc,No dietary restrictions,Lose weight,Medium,Neither_healthy_no_unhealthy,Male,G's Flank Steak Marinade,healthy,D,8,Agree,Agree,Strongly_Agree,Neutral,Agree,Disagree,1,4,No label
24,b25_35,US,BA,No dietary restrictions,No goals,Medium,Neither_healthy_no_unhealthy,Male,Foolproof Rib Roast,unhealthy,B,10,Neutral,Disagree,Neutral,Strongly_Disagree,Agree,Disagree,1,2,No label
25,b45_55,US,High_school,"Diabetes, Lactose intolerance",Eat less sugar,High,Healthy,Female,Chicken Asparagus Roll-Ups,unhealthy,C,10,Disagree,Strongly_Agree,Strongly_Agree,Agree,Disagree,Strongly_Agree,1,3,No label
26,b18_24,US,MSc,Vegetarian,Eat less sugar,Very_Low,Very_Healthy,Female,Spinach and Feta Turkey Burgers,healthy,A,7,Strongly_Agree,Strongly_Agree,Agree,Strongly_Disagree,Strongly_Disagree,Strongly_Disagree,1,1,No label
53,b45_55,US,MSc,"Lactose intolerance, Pescatarian, Vegetarian","Eat more fruit,Eat more protein,Eat more vegetables",High,Healthy,Male,Goat Cheese and Spinach Turkey Burgers,healthy,A,6,Agree,Neutral,Agree,Agree,Neutral,Agree,1,1,No label
55,b25_35,US,BA,No dietary restrictions,No goals,Very High,Very_Healthy,Male,Marinated Grilled Shrimp,healthy,A,6,Strongly_Agree,Agree,Strongly_Agree,Strongly_Agree,Agree,Strongly_Agree,1,1,No label
56,b45_55,US,MSc,No dietary restrictions,"Eat more fruit,Eat more protein,Eat more vegetables",Medium,Neither_healthy_no_unhealthy,Female,Italian Subs - Restaurant Style,unhealthy,D,10,Neutral,Agree,Neutral,Neutral,Neutral,Neutral,1,4,No label
57,b45_55,US,MSc,"Gluten free, Halal, Pescatarian","Eat more fruit,Eat more vegetables",High,Healthy,Female,Simple Carnitas,healthy,D,8,Agree,Neutral,Agree,Agree,Strongly_Agree,Agree,1,4,No label
58,b45_55,US,BA,No dietary restrictions,"Eat less salt,Eat more fruit,Eat more vegetables,Lose weight",Medium,Very_Healthy,Male,Hearty Vegetable Lasagna,unhealthy,B,9,Agree,Agree,Strongly_Agree,Agree,Disagree,Agree,1,2,No label
59,b45_55,AX,MSc,"Diabetes, Gluten free, Halal, Kosher, Pescatarian, Vegetarian","Eat less salt,Eat less sugar,Eat more protein,Gain weight",Low,Unhealthy,Female,Farmer's Market Vegetarian Quesadillas,healthy,A,7,Agree,Agree,Agree,Agree,Strongly_Agree,Agree,1,1,No label
60,b45_55,US,MSc,No dietary restrictions,Lose weight,Medium,Healthy,Female,Marinated Grilled Shrimp,healthy,A,6,Agree,Agree,Agree,Disagree,Agree,Disagree,1,1,No label
61,b45_55,US,BA,No dietary restrictions,No goals,High,Healthy,Male,Dee's Roast Pork for Tacos,healthy,B,7,Strongly_Agree,Agree,Strongly_Agree,Agree,Neutral,Agree,1,2,No label
62,b45_55,US,BA,Vegetarian,"Eat less salt,Eat less sugar,Eat more fruit,Eat more protein,Eat more vegetables,Lose weight",Very High,Healthy,Male,Souvlaki,healthy,A,6,Agree,Strongly_Agree,Agree,Agree,Neutral,Strongly_Agree,1,1,No label
63,b35_45,US,BA,No dietary restrictions,"Eat less sugar,Eat more vegetables",High,Healthy,Female,Jalapeno Chicken II,unhealthy,C,10,Agree,Agree,Agree,Disagree,Agree,Strongly_Disagree,1,3,No label
65,b35_45,US,BA,"Gluten free, Vegetarian","Eat less sugar,Eat more fruit,Eat more protein,Eat more vegetables",High,Very_Healthy,Male,Farmer's Market Vegetarian Quesadillas,healthy,A,7,Strongly_Agree,Agree,Strongly_Agree,Disagree,Strongly_Agree,Strongly_Agree,1,1,No label
66,b45_55,US,BA,Vegetarian,Eat less sugar,High,Healthy,Female,Garden Veggie Pizza Squares,healthy,D,8,Agree,Neutral,Agree,Neutral,Strongly_Agree,Agree,1,4,No label
67,b45_55,US,MSc,"No dietary restrictions, Gluten free, Kosher","Eat less sugar,Eat more protein",Medium,Healthy,Female,Kickin' London Broil with Bleu Cheese Butter,healthy,B,8,Neutral,Agree,Neutral,Agree,Agree,Strongly_Agree,1,2,No label
69,b45_55,US,MSc,"Lactose intolerance, Pescatarian, Vegetarian","Eat more fruit,Eat more protein,Eat more vegetables",High,Very_Healthy,Female,Cajun Chicken Pasta,unhealthy,C,10,Agree,Agree,Strongly_Agree,Agree,Agree,Strongly_Agree,1,3,No label
72,b45_55,US,BA,"Gluten free, Halal, Kosher, Vegetarian","Eat less sugar,Eat more fruit,Eat more protein",High,Healthy,Female,Italian Subs - Restaurant Style,unhealthy,D,10,Agree,Strongly_Agree,Neutral,Agree,Strongly_Agree,Strongly_Agree,1,4,No label
73,b25_35,US,BA,Vegetarian,"Eat more fruit,Eat more protein,Eat more vegetables",High,Very_Healthy,Male,Grilled Sausage with Potatoes and Green Beans,unhealthy,D,10,Agree,Agree,Agree,Neutral,Agree,Neutral,1,4,No label
75,b45_55,US,MSc,Lactose intolerance,Eat more fruit,Medium,Neither_healthy_no_unhealthy,Female,Baked Teriyaki Chicken,healthy,C,8,Agree,Neutral,Agree,Neutral,Agree,Neutral,1,3,No label
76,b45_55,US,MSc,"Pescatarian, Vegetarian","Eat more fruit,Eat more protein,Eat more vegetables",High,Very_Healthy,Male,Juicy Lucy Burgers,unhealthy,D,10,Agree,Strongly_Agree,Agree,Agree,Agree,Strongly_Agree,1,4,No label
77,b45_55,US,MSc,Diabetes,"Eat less salt,Eat less sugar",Medium,Healthy,Male,Charley's Slow Cooker Mexican Style Meat,healthy,B,8,Agree,Agree,Strongly_Agree,Neutral,Neutral,Disagree,1,2,No label
78,b45_55,US,MSc,Diabetes,"Eat less salt,Eat less sugar",Medium,Healthy,Female,Spinach Cheese Manicotti,unhealthy,B,9,Agree,Agree,Agree,Agree,Agree,Agree,1,2,No label
79,b35_45,US,BA,Vegetarian,Lose weight,High,Very_Healthy,Female,Simple Carnitas,healthy,D,8,Strongly_Agree,Strongly_Agree,Strongly_Agree,Strongly_Agree,Strongly_Agree,Strongly_Agree,1,4,No label
80,b45_55,US,BA,Diabetes,No goals,Medium,Neither_healthy_no_unhealthy,Male,Roast Sticky Chicken-Rotisserie Style,unhealthy,B,10,Agree,Strongly_Agree,Neutral,Agree,Neutral,Agree,1,2,No label
81,b35_45,US,BA,Vegetarian,Eat more fruit,High,Healthy,Male,Kathy's Roast and Vegetables,healthy,A,7,Neutral,Agree,Agree,Neutral,Agree,Agree,1,1,No label
82,b25_35,US,BA,"Gluten free, Vegetarian",Gain weight,High,Healthy,Female,Spinach and Feta Turkey Burgers,healthy,A,7,Neutral,Agree,Agree,Agree,Strongly_Agree,Agree,1,1,No label
83,b45_55,US,MSc,"Lactose intolerance, Vegetarian","Eat less sugar,Eat more fruit,Eat more protein,Eat more vegetables",Medium,Neither_healthy_no_unhealthy,Female,Tomato Bacon Grilled Cheese,unhealthy,E,10,Neutral,Agree,Neutral,Agree,Agree,Strongly_Agree,1,5,No label
84,b25_35,US,BA,Diabetes,No goals,High,Neither_healthy_no_unhealthy,Female,Easy Herb Roasted Turkey,healthy,A,8,Agree,Strongly_Agree,Agree,Agree,Neutral,Agree,1,1,No label
85,b25_35,US,MSc,Vegetarian,Eat more fruit,Very High,Very_Healthy,Male,Pizza On The Grill I,healthy,C,7,Strongly_Agree,Strongly_Agree,Strongly_Agree,Agree,Agree,Agree,1,3,No label
86,b45_55,US,MSc,"Pescatarian, Vegetarian","Eat more fruit,Eat more protein,Eat more vegetables",High,Very_Healthy,Female,Spinach and Feta Turkey Burgers,healthy,A,7,Agree,Agree,Strongly_Agree,Neutral,Agree,Agree,1,1,No label
87,b35_45,US,High_school,No dietary restrictions,"Eat more protein,Eat more vegetables",Medium,Unhealthy,Male,Kickin' London Broil with Bleu Cheese Butter,healthy,B,8,Agree,Neutral,Agree,Disagree,Neutral,Disagree,1,2,No label
89,b45_55,US,BA,"Halal, Kosher, Lactose intolerance, Pescatarian","Eat more fruit,Eat more protein",High,Very_Healthy,Female,Italian Subs - Restaurant Style,unhealthy,D,10,Neutral,Agree,Strongly_Agree,Strongly_Agree,Neutral,Agree,1,4,No label
90,b45_55,US,MSc,"Lactose intolerance, Pescatarian, Vegetarian","Eat more fruit,Eat more protein,Eat more vegetables",High,Healthy,Male,Grilled Tilapia with Mango Salsa,healthy,A,8,Agree,Neutral,Agree,Agree,Neutral,Agree,1,1,No label
91,b35_45,US,BA,No dietary restrictions,"Eat more fruit,Eat more protein,Eat more vegetables",Medium,Healthy,Male,Chicken Marsala Florentine,unhealthy,C,9,Agree,Agree,Agree,Agree,Neutral,Agree,1,3,No label
92,b25_35,US,BA,No dietary restrictions,No goals,Low,Neither_healthy_no_unhealthy,Male,Foolproof Rib Roast,unhealthy,B,10,Strongly_Agree,Strongly_Agree,Strongly_Agree,Strongly_Disagree,Strongly_Agree,Strongly_Disagree,1,2,No label
93,b35_45,US,MSc,"Lactose intolerance, Pescatarian","Eat less salt,Eat more fruit,Eat more vegetables",High,Healthy,Female,Simple Carnitas,healthy,D,8,Agree,Disagree,Neutral,Agree,Agree,Strongly_Agree,1,4,No label
94,b35_45,US,BA,Diabetes,Eat less sugar,Medium,Healthy,Male,Crispy Fried Chicken,healthy,A,6,Strongly_Agree,Neutral,Agree,Agree,Strongly_Agree,Strongly_Agree,1,1,No label
96,b25_35,US,BA,"Diabetes, Lactose intolerance, Pescatarian","Eat less salt,Eat less sugar,Eat more fruit,Eat more protein,Eat more vegetables",High,Healthy,Female,Bacon Jack Chicken Sandwich,unhealthy,B,10,Agree,Agree,Strongly_Agree,Strongly_Agree,Agree,Strongly_Agree,1,2,No label
99,b45_55,US,MSc,Diabetes,"Eat less salt,Eat less sugar",High,Healthy,Male,Kickin' London Broil with Bleu Cheese Butter,healthy,B,8,Agree,Strongly_Agree,Agree,Agree,Neutral,Disagree,1,2,No label
100,b35_45,US,BA,No dietary restrictions,No goals,Medium,Healthy,Male,Spinach Tomato Tortellini,unhealthy,C,9,Strongly_Agree,Agree,Strongly_Agree,Strongly_Disagree,Strongly_Agree,Strongly_Disagree,1,3,No label
105,b25_35,US,BA,No dietary restrictions,No goals,Medium,Healthy,Male,Beer Butt Chicken,unhealthy,D,10,Strongly_Agree,Strongly_Agree,Strongly_Agree,Disagree,Agree,Strongly_Disagree,1,4,No label
109,b45_55,US,MSc,Diabetes,"Eat less salt,Eat less sugar",High,Healthy,Male,G's Flank Steak Marinade,healthy,D,8,Strongly_Agree,Agree,Agree,Agree,Neutral,Disagree,1,4,No label
114,b35_45,US,BA,No dietary restrictions,"Eat more fruit,Eat more protein,Eat more vegetables",High,Very_Healthy,Male,Queenie's Killer Tomato Bagel Sandwich,healthy,B,8,Strongly_Disagree,Strongly_Disagree,Strongly_Disagree,Strongly_Disagree,Strongly_Agree,Neutral,1,2,No label
115,b45_55,US,MSc,Kosher,Eat more protein,Medium,Healthy,Female,Teena's Spicy Pesto Chicken and Pasta,healthy,A,7,Agree,Neutral,Agree,Agree,Neutral,Agree,1,1,No label
118,b25_35,US,BA,Vegetarian,"Eat less salt,Eat less sugar,Eat more protein,Eat more vegetables",Medium,Healthy,Male,Three Cheese Manicotti II,unhealthy,C,11,Agree,Agree,Agree,Strongly_Agree,Agree,Strongly_Agree,1,3,No label
119,b45_55,US,MSc,"Lactose intolerance, Pescatarian, Vegetarian","Eat more fruit,Eat more protein,Eat more vegetables",High,Healthy,Female,Pizza On The Grill I,healthy,C,7,Agree,Neutral,Agree,Neutral,Agree,Neutral,1,3,No label
120,b45_55,US,MSc,No dietary restrictions,"Eat more fruit,Eat more protein,Eat more vegetables,Gain weight",Medium,Healthy,Female,Bacon Jack Chicken Sandwich,unhealthy,B,10,Neutral,Agree,Neutral,Neutral,Agree,Neutral,1,2,No label
121,b35_45,US,BA,Diabetes,"Eat less salt,Eat less sugar",Medium,Healthy,Male,Spinach and Feta Turkey Burgers,healthy,A,7,Agree,Agree,Strongly_Agree,Disagree,Strongly_Agree,Neutral,1,1,No label
122,b25_35,US,BA,"Kosher, Lactose intolerance, Vegetarian","Eat less sugar,Eat more fruit,Eat more vegetables",Medium,Neither_healthy_no_unhealthy,Male,Mama's Best Broiled Tomato Sandwich,unhealthy,A,9,Agree,Neutral,Agree,Disagree,Agree,Neutral,1,1,No label
123,b25_35,US,High_school,No dietary restrictions,No goals,Low,Neither_healthy_no_unhealthy,Male,Garlic Prime Rib,unhealthy,C,9,Strongly_Agree,Strongly_Agree,Strongly_Agree,Strongly_Disagree,Strongly_Agree,Strongly_Disagree,1,3,No label
124,b25_35,US,BA,Diabetes,Eat more protein,Medium,Very_Healthy,Male,Linguine Pasta with Shrimp and Tomatoes,healthy,A,5,Agree,Strongly_Agree,Agree,Neutral,Disagree,Neutral,1,1,No label
125,b25_35,US,BA,Pescatarian,Eat more fruit,High,Very_Healthy,Female,California Grilled Veggie Sandwich,healthy,B,8,Agree,Strongly_Disagree,Strongly_Disagree,Agree,Strongly_Agree,Agree,1,2,No label
126,b35_45,US,BA,No dietary restrictions,"Eat less salt,Eat less sugar,Eat more fruit,Eat more protein,Eat more vegetables",High,Neither_healthy_no_unhealthy,Male,Shoyu Chicken,healthy,C,8,Neutral,Agree,Agree,Disagree,Neutral,Disagree,1,3,No label
127,b45_55,US,MSc,No dietary restrictions,"Eat less sugar,Eat more fruit,Eat more protein",Medium,Neither_healthy_no_unhealthy,Female,Spinach and Feta Turkey Burgers,healthy,A,7,Neutral,Agree,Neutral,Neutral,Agree,Neutral,1,1,No label
128,b25_35,US,BA,"Diabetes, Kosher, Lactose intolerance, Pescatarian","Eat less salt,Eat less sugar,Eat more fruit,Eat more protein,Eat more vegetables",Very High,Healthy,Female,Grilled Marinated Shrimp,unhealthy,C,9,Strongly_Agree,Strongly_Agree,Agree,Strongly_Agree,Agree,Agree,1,3,No label
129,b25_35,US,BA,Vegetarian,"Eat less sugar,Eat more fruit,Eat more vegetables",High,Very_Healthy,Male,California Grilled Veggie Sandwich,healthy,B,8,Agree,Agree,Agree,Strongly_Disagree,Agree,Disagree,1,2,No label
130,b25_35,US,BA,"Kosher, Lactose intolerance","Eat less sugar,Eat more fruit",High,Healthy,Male,G's Flank Steak Marinade,healthy,D,8,Agree,Strongly_Agree,Agree,Agree,Strongly_Agree,Agree,1,4,No label
131,b45_55,US,MSc,No dietary restrictions,"Eat more fruit,Eat more protein,Eat more vegetables,Gain weight",Medium,Neither_healthy_no_unhealthy,Female,Charley's Slow Cooker Mexican Style Meat,healthy,B,8,Neutral,Agree,Neutral,Neutral,Agree,Neutral,1,2,No label
132,b25_35,US,BA,"Diabetes, Gluten free","Eat less sugar,Eat more fruit",High,Healthy,Male,Grilled Sausage with Potatoes and Green Beans,unhealthy,D,10,Agree,Strongly_Agree,Agree,Agree,Strongly_Agree,Strongly_Agree,1,4,No label
133,b25_35,US,BA,No dietary restrictions,No goals,High,Healthy,Male,Sloppy Joes II,healthy,B,8,Agree,Strongly_Agree,Agree,Agree,Strongly_Agree,Agree,1,2,No label
134,b25_35,US,BA,Vegetarian,Eat more vegetables,Medium,Very_Healthy,Female,Sausage' Peppers' Onions' and Potato Bake,unhealthy,A,10,Neutral,Agree,Neutral,Agree,Neutral,Strongly_Agree,1,1,No label
135,b25_35,US,BA,"Halal, Kosher, Lactose intolerance","Eat more protein,Eat more vegetables",Medium,Healthy,Male,Champagne Shrimp and Pasta,healthy,B,8,Strongly_Agree,Agree,Strongly_Agree,Neutral,Disagree,Agree,1,2,No label
136,b45_55,US,MSc,Vegetarian,No goals,High,Healthy,Male,Italian Subs - Restaurant Style,unhealthy,D,10,Agree,Strongly_Agree,Strongly_Agree,Neutral,Agree,Neutral,1,4,No label
137,b25_35,US,MSc,Vegetarian,Eat more fruit,High,Very_Healthy,Male,Queenie's Killer Tomato Bagel Sandwich,healthy,B,8,Agree,Strongly_Agree,Agree,Agree,Strongly_Agree,Agree,1,2,No label
138,b45_55,US,MSc,No dietary restrictions,"Eat more fruit,Eat more protein,Eat more vegetables,Gain weight",Medium,Neither_healthy_no_unhealthy,Female,Chicken Asparagus Roll-Ups,unhealthy,C,10,Neutral,Agree,Neutral,Neutral,Agree,Neutral,1,3,No label
139,b25_35,US,BA,No dietary restrictions,Eat more protein,High,Very_Healthy,Male,Kickin' London Broil with Bleu Cheese Butter,healthy,B,8,Agree,Strongly_Agree,Agree,Agree,Strongly_Agree,Strongly_Agree,1,2,No label
140,b35_45,US,BA,No dietary restrictions,No goals,Low,Neither_healthy_no_unhealthy,Male,Bacon Jack Chicken Sandwich,unhealthy,B,10,Neutral,Agree,Agree,Disagree,Agree,Disagree,1,2,No label
141,b35_45,US,MSc,"Diabetes, Vegetarian","Eat less sugar,Eat more protein",High,Healthy,Female,Simple Carnitas,healthy,D,8,Strongly_Agree,Strongly_Agree,Strongly_Agree,Neutral,Agree,Agree,1,4,No label
142,b35_45,US,High_school,No dietary restrictions,"Eat less salt,Eat less sugar,Gain weight",Low,Healthy,Male,Simple Carnitas,healthy,D,8,Agree,Neutral,Agree,Disagree,Agree,Disagree,1,4,No label
143,b25_35,US,High_school,No dietary restrictions,No goals,Medium,Healthy,Male,Charley's Slow Cooker Mexican Style Meat,healthy,B,8,Neutral,Neutral,Agree,Strongly_Disagree,Strongly_Agree,Strongly_Disagree,1,2,No label
144,b45_55,US,BA,Diabetes,No goals,High,Very_Healthy,Female,Queenie's Killer Tomato Bagel Sandwich,healthy,B,8,Agree,Strongly_Agree,Agree,Agree,Agree,Strongly_Agree,1,2,No label
145,b25_35,US,BA,Vegetarian,Eat less sugar,High,Healthy,Female,Queenie's Killer Tomato Bagel Sandwich,healthy,B,8,Strongly_Agree,Agree,Agree,Agree,Strongly_Agree,Disagree,1,2,No label
146,b25_35,US,BA,Vegetarian,Eat more fruit,Medium,Very_Healthy,Female,Pico de Gallo Chicken Quesadillas,unhealthy,B,10,Neutral,Agree,Neutral,Agree,Strongly_Agree,Agree,1,2,No label
147,bover_55,US,BA,No dietary restrictions,Lose weight,Medium,Healthy,Female,Slow Cooker Cilantro Lime Chicken,healthy,A,6,Agree,Agree,Strongly_Agree,Agree,Disagree,Agree,1,1,No label
148,b25_35,US,BA,"Halal, Kosher, Vegetarian","Eat less sugar,Eat more fruit,Eat more protein",High,Healthy,Female,Soul Smothered Chicken,unhealthy,B,10,Agree,Neutral,Agree,Agree,Neutral,Agree,1,2,No label
149,b35_45,US,BA,Pescatarian,Eat more fruit,High,Healthy,Female,Marinated Grilled Shrimp,healthy,A,6,Agree,Strongly_Agree,Agree,Strongly_Agree,Strongly_Agree,Agree,1,1,No label
150,b18_24,US,BA,Vegetarian,"Eat more fruit,Eat more protein,Gain weight",Medium,Neither_healthy_no_unhealthy,Male,Grilled Tilapia with Mango Salsa,healthy,A,8,Agree,Agree,Strongly_Agree,Agree,Agree,Strongly_Agree,1,1,No label
151,b45_55,US,MSc,Vegetarian,No goals,High,Very_Healthy,Female,Firecracker Grilled Alaska Salmon,healthy,C,8,Strongly_Agree,Strongly_Agree,Strongly_Agree,Agree,Strongly_Agree,Strongly_Agree,1,3,No label
152,b45_55,US,High_school,No dietary restrictions,No goals,High,Healthy,Male,Queenie's Killer Tomato Bagel Sandwich,healthy,B,8,Neutral,Neutral,Agree,Agree,Disagree,Strongly_Disagree,1,2,No label
153,b25_35,US,MSc,Vegetarian,"Eat more fruit,Eat more protein,Eat more vegetables",High,Healthy,Male,Italian Sausage' Peppers' and Onions,unhealthy,D,10,Strongly_Agree,Agree,Strongly_Agree,Strongly_Agree,Strongly_Agree,Neutral,1,4,No label
154,b25_35,US,BA,No dietary restrictions,No goals,High,Neither_healthy_no_unhealthy,Male,Linguine Pasta with Shrimp and Tomatoes,healthy,A,5,Strongly_Agree,Agree,Agree,Disagree,Agree,Disagree,1,1,No label
155,b45_55,US,High_school,No dietary restrictions,No goals,Low,Neither_healthy_no_unhealthy,Female,Stuffed Shells III,unhealthy,C,10,Agree,Agree,Strongly_Agree,Disagree,Neutral,Disagree,1,3,No label
156,b25_35,US,High_school,No dietary restrictions,No goals,Medium,Healthy,Male,Best Tuna Melt (New Jersey Diner Style),unhealthy,C,10,Neutral,Agree,Agree,Disagree,Agree,Disagree,1,3,No label
157,bover_55,US,High_school,Vegetarian,No goals,Medium,Healthy,Male,Queenie's Killer Tomato Bagel Sandwich,healthy,B,8,Neutral,Neutral,Agree,Disagree,Agree,Strongly_Disagree,1,2,No label
158,bover_55,US,High_school,No dietary restrictions,No goals,Medium,Healthy,Female,Spinach Quiche,unhealthy,D,10,Disagree,Disagree,Agree,Strongly_Disagree,Agree,Strongly_Disagree,1,4,No label
159,b25_35,US,MSc,Diabetes,Eat more vegetables,High,Healthy,Male,Sausage' Peppers' Onions' and Potato Bake,unhealthy,A,10,Neutral,Agree,Strongly_Agree,Neutral,Agree,Neutral,1,1,No label
1018,b25_35,US,High_school,No Dietary Restrictions,No goals,Medium,Healthy,Female,Farmer's Market Vegetarian Quesadillas,healthy,A,7,Neutral,Neutral,Neutral,Disagree,Agree,Strongly_Disagree,2,1,MTL
1019,b25_35,US,High_school,"Lactose intolerance, Other",Lose weight,Medium,Neither_healthy_no_unhealthy,Female,Linguine Pasta with Shrimp and Tomatoes,healthy,A,5,Neutral,Agree,Agree,Neutral,Agree,Disagree,2,1,MTL
1020,b25_35,US,BA,No Dietary Restrictions,"Eat less sugar,Eat more protein,Lose weight",Very_Low,Unhealthy,Male,Three Cheese Manicotti II,unhealthy,C,11,Strongly_Agree,Strongly_Agree,Strongly_Agree,Agree,Disagree,Agree,2,3,MTL
1021,bover_55,US,High_school,Diabetes,"Eat less sugar,Lose weight",High,Unhealthy,Female,Ray's Chicken,healthy,D,8,Disagree,Neutral,Strongly_Agree,Disagree,Strongly_Disagree,Disagree,2,4,MTL
1022,b35_45,US,BA,No Dietary Restrictions,"Eat less sugar,Lose weight",Medium,Neither_healthy_no_unhealthy,Male,Kickin' London Broil with Bleu Cheese Butter,healthy,B,8,Agree,Agree,Agree,Disagree,Agree,Disagree,2,2,MTL
1023,b45_55,US,High_school,No Dietary Restrictions,Lose weight,High,Healthy,Female,Cajun Chicken Pasta,unhealthy,C,10,Agree,Agree,Strongly_Agree,Disagree,Strongly_Agree,Strongly_Disagree,2,3,MTL
1024,bover_55,US,BA,Lactose intolerance,"Eat more protein,Eat more vegetables,Lose weight",Medium,Neither_healthy_no_unhealthy,Female,Bow Ties with Sausage' Tomatoes and Cream,unhealthy,C,10,Agree,Agree,Agree,Disagree,Agree,Disagree,2,3,MTL
1025,b35_45,US,High_school,"Gluten-free, Vegetarian",Lose weight,Very High,Very_Healthy,Male,Pizza On The Grill I,healthy,C,7,Neutral,Neutral,Agree,Disagree,Agree,Disagree,2,3,MTL
1026,b25_35,US,BA,No Dietary Restrictions,Eat less sugar,Medium,Healthy,Male,Simple Carnitas,healthy,D,8,Disagree,Disagree,Neutral,Disagree,Agree,Disagree,2,4,MTL
1027,b25_35,US,BA,No Dietary Restrictions,No goals,High,Healthy,Male,Roast Sticky Chicken-Rotisserie Style,unhealthy,B,10,Agree,Neutral,Agree,Neutral,Agree,Disagree,2,2,MTL
1028,b35_45,US,BA,No Dietary Restrictions,Lose weight,Low,Unhealthy,Male,Dijon-Tarragon Cream Chicken,healthy,C,8,Neutral,Disagree,Strongly_Agree,Agree,Disagree,Strongly_Disagree,2,3,MTL
1031,b25_35,US,BA,No Dietary Restrictions,Eat more vegetables,High,Healthy,refuse_to_disc,Marinated Grilled Shrimp,healthy,A,6,Strongly_Agree,Strongly_Agree,Strongly_Agree,Disagree,Agree,Strongly_Disagree,2,1,MTL
1032,b25_35,US,BA,Halal,"Eat less sugar,Eat more protein,Eat more vegetables",Very_Low,Neither_healthy_no_unhealthy,Male,Filet Mignon with Rich Balsamic Glaze,healthy,C,8,Agree,Disagree,Agree,Disagree,Strongly_Agree,Disagree,2,3,MTL
1035,b25_35,US,MSc,Vegetarian,Eat more vegetables,Medium,Very_Healthy,Male,Simple Carnitas,healthy,D,8,Strongly_Agree,Strongly_Agree,Agree,Neutral,Neutral,Agree,2,4,MTL
1037,b35_45,US,High_school,No Dietary Restrictions,No goals,Medium,Unhealthy,Male,Grilled Flat Iron Steak with Blue Cheese-Chive Butter,unhealthy,C,9,Neutral,Neutral,Strongly_Agree,Strongly_Disagree,Strongly_Agree,Strongly_Disagree,2,3,MTL
1038,b25_35,US,BA,No Dietary Restrictions,"Eat less sugar,Eat more fruit,Eat more protein,Eat more vegetables",Medium,Healthy,Male,Chicken and Bacon Shish Kabobs,healthy,B,8,Agree,Agree,Agree,Strongly_Disagree,Strongly_Agree,Strongly_Disagree,2,2,MTL
1040,b25_35,US,BA,No Dietary Restrictions,No goals,High,Very_Healthy,Female,Chicken and Bacon Shish Kabobs,healthy,B,8,Agree,Agree,Strongly_Agree,Strongly_Agree,Agree,Strongly_Agree,2,2,MTL
1041,b35_45,US,High_school,"Gluten-free, Lactose intolerance, Vegetarian","Eat more fruit,Eat more vegetables,Lose weight",High,Healthy,Female,Spinach and Feta Pita Bake,healthy,A,7,Agree,Agree,Strongly_Agree,Disagree,Agree,Strongly_Disagree,2,1,MTL
1042,b35_45,US,BA,No Dietary Restrictions,No goals,High,Healthy,Male,Asian Beef Skewers,healthy,C,7,Agree,Agree,Agree,Disagree,Agree,Disagree,2,3,MTL
1044,b45_55,US,BA,Vegetarian,Eat more fruit,Medium,Healthy,Female,Coconut Shrimp I,healthy,A,7,Agree,Strongly_Agree,Agree,Agree,Strongly_Agree,Agree,2,1,MTL
1045,b25_35,US,BA,Vegetarian,Eat less sugar,Low,Neither_healthy_no_unhealthy,Male,California Grilled Veggie Sandwich,healthy,B,8,Agree,Neutral,Agree,Disagree,Strongly_Agree,Strongly_Disagree,2,2,MTL
1055,b25_35,US,High_school,No Dietary Restrictions,"Eat more fruit,Eat more vegetables,Lose weight",Medium,Neither_healthy_no_unhealthy,Male,Three Cheese Manicotti II,unhealthy,C,11,Agree,Agree,Agree,Strongly_Disagree,Agree,Strongly_Disagree,2,3,MTL
1056,b25_35,US,BA,No Dietary Restrictions,"Eat less sugar,Eat more protein,Lose weight",High,Neither_healthy_no_unhealthy,Male,Scott Hibb's Amazing Whisky Grilled Baby Back Ribs,unhealthy,B,12,Agree,Strongly_Agree,Agree,Strongly_Agree,Strongly_Disagree,Neutral,2,2,MTL
1057,b45_55,US,High_school,No Dietary Restrictions,"Eat more vegetables,Lose weight",High,Healthy,Female,Linguine Pasta with Shrimp and Tomatoes,healthy,A,5,Agree,Neutral,Strongly_Agree,Disagree,Agree,Strongly_Disagree,2,1,MTL
1066,b25_35,US,BA,"Lactose intolerance, Pescatarian, Vegetarian","Eat less salt,Eat less sugar,Eat more fruit",Medium,Very_Healthy,Male,Baked Ziti I,unhealthy,C,10,Agree,Neutral,Strongly_Agree,Neutral,Strongly_Agree,Agree,2,3,MTL
1067,b25_35,US,BA,No Dietary Restrictions,"Eat less sugar,Eat more fruit",High,Healthy,Male,Coconut Shrimp I,healthy,A,7,Strongly_Agree,Strongly_Agree,Agree,Strongly_Agree,Agree,Agree,2,1,MTL
1068,b45_55,US,BA,Lactose intolerance,No goals,High,Neither_healthy_no_unhealthy,Female,Stuffed Shells I,unhealthy,C,9,Neutral,Agree,Agree,Disagree,Agree,Disagree,2,3,MTL
1069,b35_45,US,BA,No Dietary Restrictions,No goals,High,Neither_healthy_no_unhealthy,Female,Teena's Spicy Pesto Chicken and Pasta,healthy,A,7,Strongly_Agree,Strongly_Agree,Strongly_Agree,Agree,Strongly_Disagree,Agree,2,1,MTL
1070,b35_45,US,BA,No Dietary Restrictions,Eat less sugar,Medium,Healthy,Female,Pizza On The Grill I,healthy,C,7,Strongly_Agree,Strongly_Agree,Strongly_Agree,Agree,Disagree,Disagree,2,3,MTL
1071,b25_35,US,MSc,"Gluten-free, Halal, Kosher","Eat less salt,Eat less sugar,Eat more fruit,Eat more protein",Very High,Very_Healthy,Male,Chipotle Shrimp Tacos,healthy,A,7,Agree,Neutral,Strongly_Agree,Agree,Disagree,Strongly_Agree,2,1,MTL
1073,bover_55,US,MSc,Diabetes,No goals,High,Healthy,Male,Honey Glazed Ham,unhealthy,E,12,Strongly_Agree,Agree,Agree,Disagree,Neutral,Agree,2,5,MTL
1074,b25_35,US,High_school,No Dietary Restrictions,"Eat more fruit,Eat more vegetables",Medium,Neither_healthy_no_unhealthy,Male,Kickin' London Broil with Bleu Cheese Butter,healthy,B,8,Agree,Strongly_Agree,Agree,Disagree,Strongly_Agree,Disagree,2,2,MTL
1076,bover_55,US,BA,No Dietary Restrictions,Lose weight,Medium,Neither_healthy_no_unhealthy,Female,Baked Ziti I,unhealthy,C,10,Agree,Agree,Agree,Disagree,Agree,Disagree,2,3,MTL
1077,b35_45,US,BA,No Dietary Restrictions,"Eat more fruit,Eat more vegetables",Medium,Neither_healthy_no_unhealthy,Male,Stuffed Shells III,unhealthy,C,10,Agree,Strongly_Agree,Strongly_Agree,Disagree,Agree,Strongly_Disagree,2,3,MTL
1078,b25_35,US,BA,No Dietary Restrictions,Lose weight,Medium,Neither_healthy_no_unhealthy,Female,Pizza On The Grill I,healthy,C,7,Strongly_Agree,Agree,Strongly_Agree,Strongly_Disagree,Strongly_Agree,Neutral,2,3,MTL
1082,b25_35,US,High_school,No Dietary Restrictions,"Eat less sugar,Eat more protein",Medium,Neither_healthy_no_unhealthy,Male,Souvlaki,healthy,A,6,Agree,Agree,Agree,Disagree,Strongly_Agree,Strongly_Disagree,2,1,MTL
1084,b35_45,US,High_school,No Dietary Restrictions,Lose weight,Medium,Neither_healthy_no_unhealthy,Female,Kickin' London Broil with Bleu Cheese Butter,healthy,B,8,Agree,Strongly_Agree,Strongly_Agree,Neutral,Agree,Disagree,2,2,MTL
1087,b25_35,US,BA,"Diabetes, Vegetarian","Eat less salt,Eat less sugar,Eat more fruit,Eat more vegetables",Medium,Healthy,Male,Italian Subs - Restaurant Style,unhealthy,D,10,Strongly_Agree,Strongly_Agree,Strongly_Agree,Strongly_Disagree,Strongly_Agree,Strongly_Agree,2,4,MTL
1088,b25_35,US,BA,No Dietary Restrictions,No goals,Very High,Very_Healthy,Male,Baked Halibut Steaks,healthy,A,5,Agree,Strongly_Agree,Agree,Strongly_Agree,Strongly_Agree,Agree,2,1,MTL
1091,b45_55,US,BA,Halal,Eat less salt,High,Healthy,Male,Coconut Shrimp I,healthy,A,7,Agree,Strongly_Agree,Strongly_Agree,Agree,Strongly_Agree,Agree,2,1,MTL
1100,b25_35,US,BA,No Dietary Restrictions,No goals,Medium,Healthy,Male,Crustless Spinach Quiche,unhealthy,D,9,Agree,Agree,Strongly_Agree,Disagree,Agree,Disagree,2,4,MTL
1101,b25_35,US,BA,No Dietary Restrictions,No goals,Medium,Healthy,Male,Grilled Sausage with Potatoes and Green Beans,unhealthy,D,10,Disagree,Agree,Agree,Disagree,Agree,Disagree,2,4,MTL
1102,b25_35,US,BA,Halal,Eat more fruit,Medium,Very_Healthy,Male,Bow Ties with Sausage' Tomatoes and Cream,unhealthy,C,10,Strongly_Agree,Agree,Strongly_Agree,Agree,Neutral,Agree,2,3,MTL
1103,b35_45,US,High_school,"Halal, Kosher","Eat more fruit,Eat more protein",Very High,Healthy,Male,Scott Hibb's Amazing Whisky Grilled Baby Back Ribs,unhealthy,B,12,Agree,Agree,Neutral,Agree,Strongly_Agree,Agree,2,2,MTL
1104,b25_35,US,MSc,No Dietary Restrictions,No goals,Medium,Healthy,Female,Charley's Slow Cooker Mexican Style Meat,healthy,B,8,Agree,Strongly_Agree,Agree,Neutral,Agree,Disagree,2,2,MTL
1105,b45_55,US,High_school,No Dietary Restrictions,No goals,Very High,Healthy,Female,Spinach and Feta Turkey Burgers,healthy,A,7,Disagree,Disagree,Disagree,Disagree,Strongly_Disagree,Disagree,2,1,MTL
1106,b25_35,US,BA,No Dietary Restrictions,No goals,High,Healthy,Male,G's Flank Steak Marinade,healthy,D,8,Agree,Neutral,Agree,Neutral,Strongly_Agree,Disagree,2,4,MTL
1107,bover_55,US,High_school,No Dietary Restrictions,"Eat more vegetables,Lose weight",Medium,Unhealthy,Female,Bacon Wrapped Pork Medallions,unhealthy,B,10,Strongly_Agree,Agree,Strongly_Agree,Disagree,Agree,Strongly_Disagree,2,2,MTL
1108,b25_35,US,BA,Vegetarian,Eat more fruit,Very High,Very_Healthy,Male,Pizza On The Grill I,healthy,C,7,Agree,Agree,Strongly_Agree,Agree,Agree,Strongly_Agree,2,3,MTL
1109,b25_35,US,MSc,No Dietary Restrictions,No goals,High,Healthy,Male,Beef Stroganoff III,unhealthy,C,9,Strongly_Agree,Agree,Strongly_Agree,Strongly_Agree,Strongly_Agree,Agree,2,3,MTL
1110,b45_55,US,BA,No Dietary Restrictions,Lose weight,Low,Unhealthy,Male,Souvlaki,healthy,A,6,Strongly_Agree,Strongly_Agree,Strongly_Agree,Strongly_Agree,Neutral,Neutral,2,1,MTL
1111,b25_35,US,BA,No Dietary Restrictions,"Eat less sugar,Eat more fruit,Eat more protein,Eat more vegetables",Medium,Healthy,Female,Simple Carnitas,healthy,D,8,Strongly_Agree,Strongly_Agree,Strongly_Agree,Strongly_Disagree,Strongly_Agree,Strongly_Agree,2,4,MTL
1112,b25_35,US,BA,No Dietary Restrictions,"Eat more protein,Eat more vegetables",Medium,Healthy,Male,Kalua Pig in a Slow Cooker,healthy,B,8,Agree,Strongly_Agree,Agree,Disagree,Agree,Strongly_Disagree,2,2,MTL
1115,b25_35,US,High_school,Gluten-free,"Eat less sugar,Eat more vegetables,Lose weight",Medium,Healthy,Female,Italian Sausage' Peppers' and Onions,unhealthy,D,10,Strongly_Agree,Agree,Strongly_Agree,Disagree,Strongly_Agree,Strongly_Disagree,2,4,MTL
1116,b25_35,US,MSc,No Dietary Restrictions,Eat less sugar,Medium,Healthy,Male,Champagne Shrimp and Pasta,healthy,B,8,Agree,Strongly_Agree,Agree,Agree,Strongly_Agree,Agree,2,2,MTL
1118,b25_35,US,BA,"Lactose intolerance, Pescatarian, Vegetarian","Eat less salt,Eat less sugar",High,Healthy,Male,Bow Ties with Sausage' Tomatoes and Cream,unhealthy,C,10,Agree,Strongly_Agree,Agree,Agree,Strongly_Agree,Agree,2,3,MTL
1122,b35_45,US,MSc,No Dietary Restrictions,"No goals,Eat more vegetables",Medium,Healthy,Male,Simple Carnitas,healthy,D,8,Neutral,Strongly_Agree,Agree,Disagree,Strongly_Agree,Agree,2,4,MTL
1123,b25_35,US,BA,No Dietary Restrictions,No goals,Medium,Very_Healthy,Male,Chicken Pot Pie IX,unhealthy,B,10,Agree,Strongly_Agree,Neutral,Disagree,Agree,Agree,2,2,MTL
1129,b25_35,US,BA,No Dietary Restrictions,No goals,Medium,Very_Healthy,Male,Sensational Sirloin Kabobs,healthy,B,8,Agree,Strongly_Agree,Neutral,Disagree,Neutral,Strongly_Agree,2,2,MTL
1130,b35_45,US,MSc,No Dietary Restrictions,No goals,Medium,Very_Healthy,Male,Coconut Shrimp I,healthy,A,7,Disagree,Strongly_Agree,Strongly_Agree,Neutral,Strongly_Agree,Agree,2,1,MTL
1131,b35_45,US,MSc,No Dietary Restrictions,No goals,Medium,Unhealthy,Male,Scott Hibb's Amazing Whisky Grilled Baby Back Ribs,unhealthy,B,12,Strongly_Agree,Strongly_Agree,Strongly_Agree,Disagree,Agree,Strongly_Disagree,2,2,MTL
1132,b25_35,US,High_school,No Dietary Restrictions,"Eat less sugar,Lose weight",Medium,Unhealthy,Female,Chicken Pot Pie IX,unhealthy,B,10,Strongly_Agree,Agree,Strongly_Agree,Strongly_Disagree,Strongly_Agree,Strongly_Disagree,2,2,MTL
1133,b25_35,US,MSc,"No Dietary Restrictions, Pescatarian, Vegetarian","Eat less salt,Eat more protein",Medium,Healthy,Male,Braised Corned Beef Brisket,unhealthy,B,10,Agree,Agree,Strongly_Agree,Agree,Agree,Agree,2,2,MTL
1134,b18_24,US,BA,No Dietary Restrictions,"Eat more protein,Eat more vegetables",Medium,Healthy,Female,BBQ Pork for Sandwiches,unhealthy,C,9,Agree,Agree,Strongly_Agree,Neutral,Neutral,Agree,2,3,MTL
1135,b18_24,US,BA,"Diabetes, Kosher, Pescatarian","Eat less salt,Eat more fruit,Eat more vegetables",High,Healthy,Male,Baked Halibut Steaks,healthy,A,5,Agree,Neutral,Agree,Agree,Strongly_Agree,Agree,2,1,MTL
1136,b25_35,US,BA,"Halal, Pescatarian",Eat more fruit,High,Healthy,Female,Coconut Shrimp I,healthy,A,7,Agree,Strongly_Agree,Agree,Strongly_Agree,Agree,Strongly_Agree,2,1,MTL
1137,b45_55,US,High_school,No Dietary Restrictions,No goals,Low,Healthy,Male,Tangy Turkey and Swiss Sandwiches,unhealthy,D,10,Agree,Agree,Agree,Disagree,Agree,Strongly_Disagree,2,4,MTL
1138,b25_35,US,BA,Diabetes,Eat more fruit,Very High,Healthy,Female,Italian Subs - Restaurant Style,unhealthy,D,10,Agree,Agree,Agree,Agree,Agree,Agree,2,4,MTL
1139,b45_55,US,BA,Diabetes,Eat more fruit,Very High,Healthy,Female,Pizza On The Grill I,healthy,C,7,Agree,Agree,Agree,Agree,Agree,Agree,2,3,MTL
1140,b35_45,US,MSc,No Dietary Restrictions,"Eat less sugar,Eat more vegetables",Very High,Healthy,Female,Stuffed Peppers My Way,unhealthy,B,9,Agree,Neutral,Agree,Agree,Disagree,Neutral,2,2,MTL
1141,b25_35,US,BA,No Dietary Restrictions,"Eat more fruit,Eat more protein,Eat more vegetables",High,Very_Healthy,Male,Farmer's Market Vegetarian Quesadillas,healthy,A,7,Agree,Neutral,Strongly_Agree,Agree,Strongly_Agree,Strongly_Agree,2,1,MTL
1142,b35_45,US,High_school,No Dietary Restrictions,"Eat less sugar,Lose weight",Medium,Neither_healthy_no_unhealthy,Male,Lamb Chops with Balsamic Reduction,healthy,B,8,Agree,Agree,Strongly_Agree,Disagree,Neutral,Disagree,2,2,MTL
1143,b35_45,US,BA,No Dietary Restrictions,No goals,Medium,Neither_healthy_no_unhealthy,Male,Pizza On The Grill I,healthy,C,7,Strongly_Agree,Strongly_Agree,Strongly_Agree,Agree,Disagree,Agree,2,3,MTL
1144,b45_55,US,High_school,Vegetarian,"Eat more protein,Eat more vegetables,Gain weight",High,Healthy,Male,Pizza On The Grill I,healthy,C,7,Agree,Strongly_Agree,Strongly_Agree,Neutral,Strongly_Agree,Strongly_Agree,2,3,MTL
1145,b25_35,US,BA,No Dietary Restrictions,No goals,Very_Low,Very_unhealthy,Male,Cuban Midnight Sandwich,unhealthy,D,10,Agree,Neutral,Agree,Disagree,Agree,Strongly_Disagree,2,4,MTL
1146,b35_45,US,MSc,Vegetarian,"Eat less sugar,Eat more fruit,Eat more protein,Eat more vegetables",Very High,Very_Healthy,Male,Grilled Sausage with Potatoes and Green Beans,unhealthy,D,10,Agree,Neutral,Agree,Disagree,Neutral,Neutral,2,4,MTL
1147,b25_35,US,BA,Vegetarian,Gain weight,Medium,Healthy,Male,Linguine Pasta with Shrimp and Tomatoes,healthy,A,5,Agree,Strongly_Agree,Agree,Neutral,Disagree,Neutral,2,1,MTL
1148,b35_45,US,BA,"Diabetes, Halal","Eat less salt,Eat less sugar,Eat more fruit,Eat more vegetables",High,Healthy,Female,Baked Halibut Steaks,healthy,A,5,Agree,Strongly_Agree,Agree,Neutral,Neutral,Neutral,2,1,MTL
1149,b25_35,US,High_school,No Dietary Restrictions,Lose weight,High,Healthy,Male,Scott Hibb's Amazing Whisky Grilled Baby Back Ribs,unhealthy,B,12,Agree,Strongly_Agree,Strongly_Agree,Agree,Disagree,Agree,2,2,MTL
1150,bover_55,US,MSc,Vegetarian,"Eat less sugar,Eat more fruit,Eat more protein,Eat more vegetables",Very High,Very_Healthy,Female,Bow Ties with Sausage' Tomatoes and Cream,unhealthy,C,10,Agree,Neutral,Agree,Disagree,Neutral,Neutral,2,3,MTL
1152,bover_55,US,MSc,No Dietary Restrictions,"Eat less sugar,Eat more fruit,Eat more vegetables",High,Healthy,Female,Pico de Gallo Chicken Quesadillas,unhealthy,B,10,Agree,Strongly_Agree,Strongly_Agree,Agree,Disagree,Strongly_Disagree,2,2,MTL
1153,bover_55,US,High_school,No Dietary Restrictions,"Eat more fruit,Eat more vegetables",Medium,Healthy,Female,Stuffed Peppers My Way,unhealthy,B,9,Agree,Agree,Agree,Agree,Neutral,Agree,2,2,MTL
1154,b25_35,US,High_school,No Dietary Restrictions,"Eat less sugar,Eat more vegetables,Lose weight",High,Neither_healthy_no_unhealthy,Female,Easy Chicken Satay,unhealthy,D,10,Agree,Agree,Strongly_Agree,Disagree,Strongly_Agree,Agree,2,4,MTL
1155,b35_45,US,BA,No Dietary Restrictions,"Eat more protein,Lose weight",High,Very_Healthy,Female,Coconut Shrimp I,healthy,A,7,Agree,Strongly_Agree,Strongly_Agree,Disagree,Agree,Strongly_Disagree,2,1,MTL
1157,bover_55,US,BA,No Dietary Restrictions,"Eat less sugar,Eat more fruit",Medium,Neither_healthy_no_unhealthy,Male,Kielbasa with Peppers and Potatoes,unhealthy,A,9,Agree,Agree,Agree,Disagree,Disagree,Disagree,2,1,MTL
1158,b45_55,US,BA,Vegetarian,"Eat more fruit,Eat more protein,Eat more vegetables",Medium,Healthy,Female,California Grilled Veggie Sandwich,healthy,B,8,Agree,Neutral,Agree,Neutral,Agree,Neutral,2,2,MTL
1159,bover_55,US,MSc,Diabetes,"Eat less sugar,Lose weight",Medium,Neither_healthy_no_unhealthy,Male,Clam Sauce with Linguine,unhealthy,B,10,Agree,Agree,Strongly_Agree,Disagree,Agree,Strongly_Disagree,2,2,MTL
1160,b25_35,US,BA,No Dietary Restrictions,Eat more vegetables,Medium,Neither_healthy_no_unhealthy,Female,Asian Beef Skewers,healthy,C,7,Strongly_Agree,Strongly_Agree,Strongly_Agree,Strongly_Disagree,Strongly_Agree,Disagree,2,3,MTL
1161,b25_35,US,BA,No Dietary Restrictions,No goals,Medium,Neither_healthy_no_unhealthy,Female,Pizza On The Grill I,healthy,C,7,Agree,Agree,Agree,Agree,Disagree,Agree,2,3,MTL
1162,bover_55,US,BA,Halal,Eat more vegetables,Very High,Very_Healthy,Female,Easy Chicken Satay,unhealthy,D,10,Strongly_Agree,Strongly_Agree,Strongly_Agree,Disagree,Strongly_Disagree,Neutral,2,4,MTL
1163,b35_45,US,BA,Vegetarian,"Eat more fruit,Eat more protein",High,Healthy,Female,California Grilled Veggie Sandwich,healthy,B,8,Agree,Neutral,Agree,Agree,Agree,Neutral,2,2,MTL
1164,b25_35,UM,BA,No Dietary Restrictions,"Eat less sugar,Eat more protein",Medium,Healthy,Female,Peppered Shrimp Alfredo,unhealthy,C,10,Agree,Strongly_Agree,Strongly_Agree,Disagree,Agree,Strongly_Disagree,2,3,MTL
1165,b45_55,US,MSc,"Diabetes, Vegetarian","Eat more fruit,Eat more protein,Eat more vegetables",Very High,Very_Healthy,Female,Chicken and Bacon Shish Kabobs,healthy,B,8,Agree,Strongly_Agree,Agree,Agree,Strongly_Agree,Agree,2,2,MTL
1166,b25_35,US,BA,No Dietary Restrictions,"Eat more fruit,Eat more vegetables",High,Healthy,Female,Chicken Souvlaki Gyro Style,unhealthy,C,10,Agree,Agree,Strongly_Agree,Disagree,Neutral,Strongly_Agree,2,3,MTL
1167,b35_45,US,High_school,No Dietary Restrictions,Lose weight,Medium,Healthy,Male,Quick Chicken Piccata,healthy,B,8,Agree,Agree,Agree,Disagree,Agree,Disagree,2,2,MTL
1168,b45_55,US,BA,Vegetarian,"Eat less sugar,Eat more protein,Eat more vegetables",Medium,Healthy,Male,Tasty Lentil Tacos,healthy,A,7,Agree,Agree,Agree,Neutral,Agree,Agree,2,1,MTL
1169,b35_45,US,BA,Vegetarian,Eat more fruit,High,Neither_healthy_no_unhealthy,Female,California Grilled Veggie Sandwich,healthy,B,8,Agree,Agree,Agree,Agree,Agree,Agree,2,2,MTL
1170,b35_45,US,High_school,No Dietary Restrictions,"Eat less salt,Eat less sugar,Eat more fruit,Eat more vegetables,Lose weight",Medium,Neither_healthy_no_unhealthy,Male,Spinach and Feta Turkey Burgers,healthy,A,7,Agree,Agree,Agree,Disagree,Neutral,Disagree,2,1,MTL
1171,b45_55,US,BA,Vegetarian,"Eat more fruit,Eat more protein,Eat more vegetables",Medium,Healthy,Female,Sausage' Peppers' Onions' and Potato Bake,unhealthy,A,10,Agree,Agree,Agree,Neutral,Agree,Neutral,2,1,MTL
1172,b35_45,US,High_school,"Gluten-free, Lactose intolerance, Other","Eat more protein,Lose weight",Medium,Very_Healthy,Female,Farmer's Market Vegetarian Quesadillas,healthy,A,7,Neutral,Neutral,Agree,Strongly_Disagree,Agree,Strongly_Disagree,2,1,MTL
2009,b35_45,US,BA,No dietary restrictions,"Eat less sugar,Eat more protein,Eat more vegetables",Very High,Healthy,Female,Simple Carnitas,healthy,D,8,Disagree,Disagree,Neutral,Strongly_Disagree,Agree,Strongly_Disagree,3,4,Nutri
2010,b25_35,US,BA,"Halal, Lactose intolerance","Eat less sugar,Eat more fruit",Medium,Healthy,Male,Sesame Seared Tuna,healthy,B,7,Neutral,Disagree,Agree,Neutral,Neutral,Agree,3,2,Nutri
2011,b18_24,US,MSc,No dietary restrictions,No goals,Very High,Very_Healthy,Female,World's Best Lasagna,unhealthy,C,10,Strongly_Agree,Strongly_Agree,Agree,Strongly_Agree,Strongly_Agree,Agree,3,3,Nutri
2012,b35_45,US,BA,Diabetes,"Eat less sugar,Eat more fruit",Medium,Neither_healthy_no_unhealthy,Female,Baby Back Ribs,unhealthy,D,12,Agree,Strongly_Agree,Neutral,Strongly_Agree,Agree,Neutral,3,4,Nutri
2013,b25_35,US,BA,No dietary restrictions,No goals,Low,Neither_healthy_no_unhealthy,Male,Garlic Prime Rib,unhealthy,C,9,Neutral,Neutral,Agree,Disagree,Agree,Disagree,3,3,Nutri
2014,b35_45,US,BA,No dietary restrictions,Eat less sugar,Low,Neither_healthy_no_unhealthy,Female,Easy Chicken Satay,unhealthy,D,10,Agree,Agree,Agree,Disagree,Agree,Disagree,3,4,Nutri
2015,b25_35,US,BA,Vegetarian,"Eat less salt,Eat less sugar,Eat more fruit,Eat more vegetables",Very_Low,Very_Healthy,Male,Pizza On The Grill I,healthy,C,7,Strongly_Agree,Agree,Strongly_Agree,Strongly_Agree,Agree,Strongly_Agree,3,3,Nutri
2016,b45_55,US,High_school,No dietary restrictions,Lose weight,Medium,Healthy,Female,Firecracker Grilled Alaska Salmon,healthy,C,8,Agree,Agree,Agree,Disagree,Agree,Neutral,3,3,Nutri
2018,b35_45,US,MSc,No dietary restrictions,No goals,Medium,Very_Healthy,Male,Grilled Tilapia with Mango Salsa,healthy,A,8,Strongly_Agree,Strongly_Agree,Strongly_Agree,Neutral,Neutral,Disagree,3,1,Nutri
2021,b35_45,US,BA,Vegetarian,Lose weight,Medium,Healthy,Female,Spinach and Feta Pita Bake,healthy,A,7,Agree,Agree,Strongly_Agree,Agree,Neutral,Disagree,3,1,Nutri
2022,b25_35,US,Less_high_school,No dietary restrictions,Lose weight,Low,Neither_healthy_no_unhealthy,Male,Smoky Grilled Pork Chops,healthy,B,8,Agree,Agree,Agree,Agree,Neutral,Agree,3,2,Nutri
2023,b25_35,US,High_school,Pescatarian,"Eat less sugar,Eat more vegetables,Lose weight",Very High,Healthy,Female,Spinach and Feta Pita Bake,healthy,A,7,Strongly_Agree,Agree,Strongly_Agree,Disagree,Agree,Disagree,3,1,Nutri
2024,b25_35,US,BA,No dietary restrictions,No goals,High,Healthy,Male,Italian Subs - Restaurant Style,unhealthy,D,10,Agree,Strongly_Agree,Agree,Agree,Agree,Neutral,3,4,Nutri
2025,b35_45,US,BA,No dietary restrictions,Eat more protein,High,Healthy,Female,World's Best Lasagna,unhealthy,C,10,Strongly_Agree,Strongly_Agree,Agree,Neutral,Agree,Neutral,3,3,Nutri
2026,b25_35,US,MSc,No dietary restrictions,"Eat more fruit,Eat more protein,Eat more vegetables,Lose weight",High,Very_Healthy,Female,Sausage' Peppers' Onions' and Potato Bake,unhealthy,A,10,Strongly_Agree,Strongly_Agree,Strongly_Agree,Strongly_Disagree,Strongly_Agree,Neutral,3,1,Nutri
2027,b45_55,US,MSc,No dietary restrictions,"Eat less sugar,Eat more protein",High,Healthy,Male,Lamb Chops with Balsamic Reduction,healthy,B,8,Agree,Agree,Strongly_Agree,Disagree,Agree,Strongly_Disagree,3,2,Nutri
2031,b45_55,US,High_school,Diabetes,Eat less sugar,Medium,Neither_healthy_no_unhealthy,Female,Sensational Sirloin Kabobs,healthy,B,8,Agree,Agree,Agree,Disagree,Agree,Disagree,3,2,Nutri
2043,b25_35,US,BA,Vegetarian,No goals,Low,Healthy,Female,California Grilled Veggie Sandwich,healthy,B,8,Agree,Neutral,Agree,Disagree,Agree,Disagree,3,2,Nutri
2044,b25_35,US,MSc,No dietary restrictions,"Eat less sugar,Eat more fruit,Eat more protein,Eat more vegetables,Lose weight",High,Very_Healthy,Female,Chicken Marsala Florentine,unhealthy,C,9,Strongly_Agree,Strongly_Agree,Strongly_Agree,Strongly_Disagree,Strongly_Agree,Disagree,3,3,Nutri
2045,b35_45,US,BA,Vegetarian,Eat more vegetables,Medium,Healthy,Female,Spinach and Feta Pita Bake,healthy,A,7,Agree,Neutral,Agree,Agree,Agree,Neutral,3,1,Nutri
2046,b25_35,US,BA,Lactose intolerance,"Eat more fruit,Eat more vegetables",High,Healthy,Female,Quick Chicken Piccata,healthy,B,8,Neutral,Neutral,Agree,Agree,Disagree,Disagree,3,2,Nutri
2047,b25_35,US,BA,No dietary restrictions,No goals,Medium,Neither_healthy_no_unhealthy,Male,Lamb Chops with Balsamic Reduction,healthy,B,8,Agree,Agree,Strongly_Agree,Neutral,Agree,Strongly_Disagree,3,2,Nutri
2048,b45_55,US,MSc,"Lactose intolerance, Pescatarian, Vegetarian",Eat less sugar,Medium,Healthy,Male,Chicken Scarpariello,healthy,A,8,Neutral,Agree,Agree,Agree,Agree,Neutral,3,1,Nutri
2049,bover_55,US,MSc,Allergies,No goals,Very High,Healthy,Female,Foolproof Rib Roast,unhealthy,B,10,Neutral,Agree,Strongly_Agree,Disagree,Agree,Strongly_Disagree,3,2,Nutri
2050,b35_45,US,MSc,"No dietary restrictions, Diabetes, Gluten free, Halal, Kosher, Lactose intolerance, Pescatarian, Vegetarian, Allergies","Eat less salt,Eat less sugar,Eat more fruit,Eat more protein,Eat more vegetables",Very High,Healthy,Female,Pico de Gallo Chicken Quesadillas,unhealthy,B,10,Strongly_Agree,Agree,Strongly_Agree,Strongly_Agree,Strongly_Agree,Agree,3,2,Nutri
2051,b35_45,US,BA,No dietary restrictions,No goals,High,Healthy,Male,Authentic Louisiana Red Beans and Rice,healthy,A,8,Agree,Strongly_Agree,Neutral,Agree,Agree,Strongly_Agree,3,1,Nutri
2053,b35_45,US,BA,No dietary restrictions,No goals,High,Healthy,Female,Spinach and Feta Turkey Burgers,healthy,A,7,Neutral,Neutral,Neutral,Neutral,Neutral,Neutral,3,1,Nutri
2054,b25_35,US,BA,No dietary restrictions,No goals,High,Healthy,Female,Kathy's Roast and Vegetables,healthy,A,7,Agree,Agree,Agree,Disagree,Agree,Neutral,3,1,Nutri
2055,b18_24,US,BA,Gluten free,Eat less sugar,Medium,Healthy,Male,Simple Carnitas,healthy,D,8,Agree,Agree,Agree,Disagree,Neutral,Neutral,3,4,Nutri
2056,b25_35,US,BA,No dietary restrictions,"Eat less salt,Eat less sugar,Eat more protein,Lose weight",Very High,Unhealthy,Female,Garlic Prime Rib,unhealthy,C,9,Strongly_Agree,Strongly_Agree,Strongly_Agree,Disagree,Strongly_Agree,Strongly_Disagree,3,3,Nutri
2057,b35_45,US,High_school,No dietary restrictions,No goals,Very_Low,Very_unhealthy,Male,Easy Chicken Enchiladas,unhealthy,D,10,Neutral,Neutral,Agree,Strongly_Disagree,Strongly_Agree,Disagree,3,4,Nutri
2058,b25_35,US,High_school,No dietary restrictions,"Eat less sugar,Lose weight",Low,Neither_healthy_no_unhealthy,Male,Sarge's EZ Pulled Pork BBQ,healthy,A,7,Strongly_Agree,Strongly_Agree,Strongly_Agree,Agree,Disagree,Agree,3,1,Nutri
2060,b25_35,US,BA,No dietary restrictions,No goals,Low,Neither_healthy_no_unhealthy,Male,Pork Chops Stuffed with Smoked Gouda and Bacon,unhealthy,C,10,Neutral,Neutral,Agree,Disagree,Agree,Disagree,3,3,Nutri
2061,b35_45,US,MSc,"No dietary restrictions, Vegetarian",No goals,Medium,Very_Healthy,Female,Spinach and Feta Pita Bake,healthy,A,7,Neutral,Strongly_Agree,Strongly_Agree,Strongly_Agree,Strongly_Agree,Agree,3,1,Nutri
2062,b25_35,US,BA,No dietary restrictions,Eat less salt,Very High,Very_Healthy,Male,Marinated Grilled Shrimp,healthy,A,6,Strongly_Agree,Agree,Strongly_Agree,Agree,Disagree,Neutral,3,1,Nutri
2063,b25_35,US,BA,No dietary restrictions,No goals,Medium,Healthy,Female,Sausage' Peppers' Onions' and Potato Bake,unhealthy,A,10,Agree,Strongly_Agree,Agree,Agree,Disagree,Agree,3,1,Nutri
2064,b35_45,US,BA,No dietary restrictions,Eat less salt,Medium,Healthy,Male,Baked Ziti IV,unhealthy,C,10,Disagree,Strongly_Disagree,Disagree,Strongly_Disagree,Strongly_Agree,Strongly_Disagree,3,3,Nutri
2065,bover_55,US,BA,No dietary restrictions,"Eat less salt,Eat less sugar,Eat more fruit,Eat more protein,Eat more vegetables,Lose weight",Low,Healthy,Male,Queenie's Killer Tomato Bagel Sandwich,healthy,B,8,Agree,Strongly_Agree,Strongly_Agree,Agree,Disagree,Agree,3,2,Nutri
2066,b35_45,US,BA,Allergies,Lose weight,High,Healthy,Female,Chicken Scarpariello,healthy,A,8,Agree,Neutral,Agree,Disagree,Strongly_Disagree,Agree,3,1,Nutri
2067,b45_55,US,BA,Lactose intolerance,"Eat less sugar,Lose weight",Medium,Neither_healthy_no_unhealthy,Female,Foolproof Rib Roast,unhealthy,B,10,Agree,Agree,Strongly_Agree,Agree,Neutral,Neutral,3,2,Nutri
2068,b25_35,US,BA,No dietary restrictions,Eat less sugar,High,Healthy,Female,Simple BBQ Ribs,unhealthy,D,10,Agree,Agree,Agree,Agree,Agree,Strongly_Disagree,3,4,Nutri
2069,b45_55,US,High_school,No dietary restrictions,No goals,Very High,Healthy,Male,Breakfast Sausage,unhealthy,D,10,Agree,Agree,Agree,Strongly_Disagree,Strongly_Agree,Strongly_Disagree,3,4,Nutri
2070,b35_45,US,High_school,No dietary restrictions,No goals,Medium,Unhealthy,Male,Pork Chops Stuffed with Smoked Gouda and Bacon,unhealthy,C,10,Agree,Neutral,Strongly_Agree,Strongly_Disagree,Agree,Disagree,3,3,Nutri
2071,b25_35,US,BA,No dietary restrictions,No goals,Low,Unhealthy,Female,Crispy Fried Chicken,healthy,A,6,Agree,Neutral,Agree,Disagree,Agree,Disagree,3,1,Nutri
2072,bover_55,US,MSc,Diabetes,"Eat more fruit,Eat more protein,Eat more vegetables",Very High,Healthy,Female,Marinated Grilled Shrimp,healthy,A,6,Strongly_Agree,Agree,Agree,Agree,Strongly_Agree,Neutral,3,1,Nutri
2075,b25_35,US,High_school,No dietary restrictions,Eat less sugar,Medium,Neither_healthy_no_unhealthy,Male,Coconut Shrimp I,healthy,A,7,Strongly_Agree,Agree,Agree,Strongly_Disagree,Strongly_Agree,Disagree,3,1,Nutri
2076,bover_55,US,High_school,No dietary restrictions,No goals,High,Healthy,Female,Baked Halibut Steaks,healthy,A,5,Strongly_Agree,Strongly_Agree,Strongly_Agree,Agree,Neutral,Disagree,3,1,Nutri
2077,b25_35,US,BA,Lactose intolerance,Lose weight,High,Healthy,Male,Rosemary Chicken with Orange-Maple Glaze,unhealthy,B,9,Neutral,Neutral,Agree,Agree,Disagree,Disagree,3,2,Nutri
2078,b25_35,US,BA,No dietary restrictions,No goals,High,Healthy,Male,Roasted Rack of Lamb,unhealthy,D,10,Agree,Agree,Strongly_Agree,Agree,Agree,Neutral,3,4,Nutri
2080,b25_35,US,MSc,Vegetarian,Eat less sugar,High,Healthy,Male,Coconut Shrimp I,healthy,A,7,Strongly_Agree,Strongly_Agree,Agree,Agree,Strongly_Agree,Agree,3,1,Nutri
2081,b35_45,US,BA,Gluten free,Lose weight,Low,Neither_healthy_no_unhealthy,Female,Boiled Chicken,healthy,A,5,Agree,Agree,Strongly_Agree,Neutral,Agree,Neutral,3,1,Nutri
2082,b45_55,US,MSc,Vegetarian,Eat less salt,Medium,Healthy,Male,Tomato Chicken Parmesan,unhealthy,C,10,Neutral,Agree,Agree,Neutral,Agree,Neutral,3,3,Nutri
2083,b45_55,US,MSc,"Vegetarian, Allergies","Eat less salt,Eat less sugar,Eat more fruit,Eat more protein,Eat more vegetables",High,Healthy,Male,Farmer's Market Vegetarian Quesadillas,healthy,A,7,Agree,Neutral,Agree,Agree,Neutral,Agree,3,1,Nutri
2084,b25_35,US,MSc,No dietary restrictions,Eat more protein,High,Healthy,Male,Garlic Prime Rib,unhealthy,C,9,Strongly_Agree,Strongly_Agree,Strongly_Agree,Disagree,Agree,Strongly_Disagree,3,3,Nutri
2085,b25_35,US,BA,No dietary restrictions,No goals,Medium,Neither_healthy_no_unhealthy,Male,BBQ NY Strip,unhealthy,D,10,Agree,Agree,Strongly_Agree,Disagree,Agree,Strongly_Disagree,3,4,Nutri
2086,b45_55,US,MSc,No dietary restrictions,No goals,Low,Healthy,Male,Teena's Spicy Pesto Chicken and Pasta,healthy,A,7,Agree,Agree,Agree,Disagree,Disagree,Strongly_Disagree,3,1,Nutri
2087,b35_45,US,BA,Lactose intolerance,"Eat less sugar,Eat more vegetables,Lose weight",Medium,Neither_healthy_no_unhealthy,Female,Mom's Favorite Baked Mac and Cheese,unhealthy,D,10,Agree,Agree,Agree,Strongly_Agree,Disagree,Agree,3,4,Nutri
2088,b25_35,US,High_school,No dietary restrictions,Lose weight,Very High,Healthy,Female,Linda's Lasagna,unhealthy,B,10,Agree,Neutral,Agree,Agree,Disagree,Disagree,3,2,Nutri
2089,b35_45,US,MSc,Vegetarian,"Eat less salt,Eat more fruit,Eat more vegetables,Lose weight",High,Very_Healthy,Male,Authentic Louisiana Red Beans and Rice,healthy,A,8,Agree,Neutral,Agree,Disagree,Agree,Disagree,3,1,Nutri
2090,b25_35,US,BA,No dietary restrictions,No goals,Medium,Healthy,Female,Sausage' Peppers' Onions' and Potato Bake,unhealthy,A,10,Strongly_Agree,Agree,Strongly_Agree,Disagree,Neutral,Neutral,3,1,Nutri
2091,bover_55,US,BA,"Diabetes, Allergies","Eat more protein,Eat more vegetables,Gain weight",High,Very_Healthy,Female,Simple Carnitas,healthy,D,8,Agree,Strongly_Agree,Strongly_Agree,Neutral,Agree,Agree,3,4,Nutri
2092,b25_35,US,High_school,No dietary restrictions,"Eat less sugar,Eat more vegetables",Medium,Neither_healthy_no_unhealthy,Female,Kickin' London Broil with Bleu Cheese Butter,healthy,B,8,Agree,Agree,Strongly_Agree,Disagree,Agree,Disagree,3,2,Nutri
2093,bover_55,US,BA,"Halal, Pescatarian","Eat less sugar,Eat more fruit",Very High,Very_Healthy,Male,Souvlaki,healthy,A,6,Strongly_Agree,Neutral,Strongly_Agree,Neutral,Strongly_Agree,Agree,3,1,Nutri
2094,bover_55,US,Doctorate,No dietary restrictions,"Eat less salt,Eat less sugar,Lose weight",Medium,Healthy,Female,Barbequed Ribs,unhealthy,C,11,Agree,Agree,Strongly_Agree,Disagree,Agree,Strongly_Disagree,3,3,Nutri
2095,b35_45,US,Doctorate,No dietary restrictions,"Eat more vegetables,Lose weight",High,Healthy,Female,Grilled Tilapia with Mango Salsa,healthy,A,8,Neutral,Agree,Agree,Strongly_Disagree,Agree,Disagree,3,1,Nutri
2096,b35_45,US,MSc,Vegetarian,Eat less salt,Medium,Healthy,Female,Sausage' Peppers' Onions' and Potato Bake,unhealthy,A,10,Neutral,Agree,Agree,Agree,Neutral,Agree,3,1,Nutri
2097,b45_55,US,MSc,Vegetarian,"Eat more fruit,Eat more protein,Eat more vegetables,Lose weight",High,Healthy,Male,California Grilled Veggie Sandwich,healthy,B,8,Strongly_Agree,Agree,Strongly_Agree,Neutral,Strongly_Agree,Neutral,3,2,Nutri
2098,b25_35,US,MSc,No dietary restrictions,No goals,High,Very_Healthy,Female,Spinach and Feta Turkey Burgers,healthy,A,7,Strongly_Agree,Strongly_Agree,Strongly_Agree,Strongly_Disagree,Strongly_Agree,Strongly_Disagree,3,1,Nutri
2099,b35_45,US,Doctorate,No dietary restrictions,No goals,Medium,Very_Healthy,Male,Spinach and Feta Turkey Burgers,healthy,A,7,Agree,Agree,Agree,Disagree,Agree,Disagree,3,1,Nutri
2100,b35_45,US,BA,Diabetes,"Eat less salt,Eat less sugar,Eat more protein,Gain weight",High,Healthy,Female,Sarge's EZ Pulled Pork BBQ,healthy,A,7,Strongly_Agree,Agree,Strongly_Agree,Agree,Neutral,Agree,3,1,Nutri
2101,b25_35,US,High_school,No dietary restrictions,No goals,Medium,Neither_healthy_no_unhealthy,Male,Pico de Gallo Chicken Quesadillas,unhealthy,B,10,Strongly_Agree,Strongly_Agree,Strongly_Agree,Disagree,Agree,Strongly_Disagree,3,2,Nutri
2102,b25_35,US,BA,No dietary restrictions,"Eat less sugar,Lose weight",Very High,Healthy,Female,Whit's Chicken Enchiladas,unhealthy,D,10,Neutral,Agree,Agree,Neutral,Agree,Disagree,3,4,Nutri
2103,b35_45,US,BA,Diabetes,"Eat less sugar,Eat more fruit,Eat more vegetables",Medium,Neither_healthy_no_unhealthy,Female,Simple Carnitas,healthy,D,8,Neutral,Agree,Strongly_Agree,Disagree,Agree,Neutral,3,4,Nutri
2104,b45_55,US,BA,Diabetes,"Eat less sugar,Eat more fruit,Eat more vegetables",High,Neither_healthy_no_unhealthy,Female,Simple Carnitas,healthy,D,8,Agree,Strongly_Agree,Agree,Disagree,Agree,Disagree,3,4,Nutri
2105,b25_35,US,BA,No dietary restrictions,Lose weight,Medium,Healthy,Female,Farmer's Market Vegetarian Quesadillas,healthy,A,7,Strongly_Agree,Strongly_Agree,Strongly_Agree,Disagree,Agree,Agree,3,1,Nutri
2106,bover_55,US,High_school,No dietary restrictions,"Eat less sugar,Eat more fruit",Medium,Neither_healthy_no_unhealthy,Female,Maple Salmon,healthy,C,8,Agree,Strongly_Agree,Strongly_Agree,Strongly_Disagree,Strongly_Agree,Disagree,3,3,Nutri
2107,b35_45,US,BA,No dietary restrictions,"Eat less salt,Eat more protein,Eat more vegetables,Lose weight",High,Healthy,Male,Lamb Chops with Balsamic Reduction,healthy,B,8,Agree,Agree,Strongly_Agree,Disagree,Agree,Disagree,3,2,Nutri
2108,b45_55,US,BA,No dietary restrictions,"Eat less sugar,Eat more fruit,Eat more vegetables,Lose weight",Medium,Healthy,Male,Spinach and Feta Turkey Burgers,healthy,A,7,Agree,Disagree,Neutral,Agree,Disagree,Neutral,3,1,Nutri
2109,b35_45,US,BA,Gluten free,Lose weight,Very_Low,Unhealthy,Female,Sarge's EZ Pulled Pork BBQ,healthy,A,7,Neutral,Agree,Agree,Strongly_Disagree,Agree,Disagree,3,1,Nutri
2110,b45_55,US,MSc,Vegetarian,"Eat less salt,Eat less sugar",High,Healthy,Female,Grilled Marinated Shrimp,unhealthy,C,9,Agree,Strongly_Agree,Agree,Agree,Strongly_Agree,Strongly_Agree,3,3,Nutri
2111,b45_55,US,MSc,Vegetarian,Eat less sugar,High,Very_Healthy,Male,Pico de Gallo Chicken Quesadillas,unhealthy,B,10,Agree,Strongly_Agree,Neutral,Agree,Strongly_Agree,Agree,3,2,Nutri
2112,b25_35,US,BA,No dietary restrictions,"Eat less salt,Eat less sugar",Medium,Healthy,Female,Simple Country Ribs,unhealthy,C,12,Agree,Strongly_Agree,Agree,Disagree,Agree,Neutral,3,3,Nutri
2113,bover_55,US,BA,No dietary restrictions,Lose weight,High,Healthy,Female,Grilled Roasted Red Pepper and Ham Sandwich,unhealthy,E,10,Strongly_Agree,Strongly_Agree,Strongly_Agree,Disagree,Agree,Disagree,3,5,Nutri
2114,b25_35,US,BA,No dietary restrictions,"Eat more protein,Eat more vegetables,Gain weight",Low,Neither_healthy_no_unhealthy,Male,Best Beef Dip Ever,unhealthy,B,9,Agree,Agree,Agree,Agree,Agree,Disagree,3,2,Nutri
2115,b18_24,US,BA,No dietary restrictions,Gain weight,Medium,Neither_healthy_no_unhealthy,Male,G's Flank Steak Marinade,healthy,D,8,Agree,Strongly_Agree,Agree,Disagree,Disagree,Disagree,3,4,Nutri
2118,b25_35,US,MSc,Vegetarian,Eat more fruit,Very High,Very_Healthy,Male,Pizza On The Grill I,healthy,C,7,Agree,Agree,Agree,Agree,Agree,Agree,3,3,Nutri
2119,b25_35,US,BA,No dietary restrictions,Eat less sugar,Very High,Very_Healthy,Male,California Grilled Veggie Sandwich,healthy,B,8,Agree,Strongly_Agree,Agree,Neutral,Strongly_Agree,Agree,3,2,Nutri
2120,b18_24,US,High_school,No dietary restrictions,Eat less sugar,Low,Healthy,Male,Crustless Spinach Quiche,unhealthy,D,9,Agree,Agree,Agree,Agree,Agree,Strongly_Disagree,3,4,Nutri
2121,b25_35,US,BA,No dietary restrictions,Eat less sugar,High,Very_Healthy,Male,Grilled Tilapia with Mango Salsa,healthy,A,8,Strongly_Agree,Agree,Agree,Disagree,Agree,Strongly_Agree,3,1,Nutri
2122,b35_45,US,BA,No dietary restrictions,"Eat less salt,Eat less sugar,Eat more fruit,Eat more protein,Eat more vegetables,Lose weight",High,Healthy,Male,Chipotle Crusted Pork Tenderloin,healthy,B,8,Agree,Neutral,Strongly_Agree,Disagree,Agree,Strongly_Disagree,3,2,Nutri
2123,b45_55,US,BA,No dietary restrictions,"Eat more vegetables,Lose weight",Medium,Neither_healthy_no_unhealthy,Female,Spinach and Feta Pita Bake,healthy,A,7,Agree,Neutral,Strongly_Agree,Disagree,Agree,Strongly_Disagree,3,1,Nutri
2124,bover_55,US,MSc,No dietary restrictions,"Eat less salt,Eat less sugar,Eat more fruit",High,Healthy,Female,Lamb Chops with Balsamic Reduction,healthy,B,8,Strongly_Agree,Strongly_Agree,Agree,Disagree,Neutral,Agree,3,2,Nutri
2125,b45_55,US,BA,Vegetarian,"Eat less salt,Eat more fruit,Eat more protein,Eat more vegetables",High,Healthy,Female,California Grilled Veggie Sandwich,healthy,B,8,Strongly_Agree,Agree,Strongly_Agree,Agree,Strongly_Agree,Agree,3,2,Nutri
2126,bover_55,US,MSc,No dietary restrictions,"Eat less salt,Eat less sugar,Eat more fruit,Eat more vegetables",High,Healthy,Female,Sausage' Peppers' Onions' and Potato Bake,unhealthy,A,10,Strongly_Agree,Strongly_Agree,Agree,Disagree,Neutral,Agree,3,1,Nutri
2127,b25_35,US,BA,Vegetarian,Eat more fruit,Very High,Very_Healthy,Male,Farmer's Market Vegetarian Quesadillas,healthy,A,7,Strongly_Agree,Agree,Strongly_Agree,Agree,Strongly_Agree,Agree,3,1,Nutri
2128,b45_55,US,BA,No dietary restrictions,"Eat less salt,Eat more fruit",Medium,Healthy,Male,Sarge's EZ Pulled Pork BBQ,healthy,A,7,Agree,Agree,Agree,Agree,Neutral,Agree,3,1,Nutri
2129,b25_35,US,MSc,Halal,Eat less salt,Medium,Healthy,Male,Baked Halibut Steaks,healthy,A,5,Neutral,Neutral,Agree,Neutral,Neutral,Disagree,3,1,Nutri
2130,b45_55,US,BA,Vegetarian,"Eat more protein,Eat more vegetables",High,Healthy,Male,Garden Veggie Pizza Squares,healthy,D,8,Agree,Strongly_Agree,Agree,Agree,Strongly_Agree,Strongly_Agree,3,4,Nutri
2131,b45_55,US,BA,No dietary restrictions,"Eat more fruit,Eat more protein,Eat more vegetables",Very High,Very_Healthy,Female,Farmer's Market Vegetarian Quesadillas,healthy,A,7,Strongly_Agree,Strongly_Agree,Strongly_Agree,Strongly_Disagree,Neutral,Neutral,3,1,Nutri
2132,b25_35,US,High_school,Diabetes,Eat less sugar,High,Healthy,Male,Coconut Shrimp I,healthy,A,7,Strongly_Agree,Strongly_Agree,Strongly_Agree,Strongly_Disagree,Strongly_Agree,Strongly_Disagree,3,1,Nutri
