person,age,country,education,gender,FK_1,FK_2,FK_3,FK_4,FK_5,category,recipe_id,recipe_name,Nutri_score,fsa_score,healthiness,title,liked_recipes,prepare_recipes,fit_preference,know_many,recommend_recipe,many_to_choose,easy_choice,choice_overwhelming,sys_time,unders_sys,many_actions,condition,recommender,recipe_popularity,calories,recipe_size,preparation_time,n_ingredient
135,b25_35,GB,MSc,Female,2,3,2,2,2,Meat and Poultry,107,Italian Sausage' Peppers' and Onions,D,10,unhealthy,EvaluateChoices,4,3,4,5,3,2,4,2,2,4,4,No label,CF,,,,,
134,bover_55,GB,BA,Female,4,4,2,2,3,Fruits and Vegetables,956,Pizza On The Grill I,C,7,healthy,EvaluateChoices,4,4,4,5,2,3,2,2,4,3,4,No label,CF,,,,,
133,b18_24,GB,BA,Male,2,1,1,4,2,Meat and Poultry,56,Simple Country Ribs,C,12,unhealthy,EvaluateChoices,5,4,5,2,4,1,5,4,2,5,2,No label,CF,,,,,
132,bover_55,GB,BA,Female,4,4,3,3,4,Fruits and Vegetables,284,Spicy Grilled Shrimp,C,7,healthy,EvaluateChoices,4,4,3,4,4,4,4,1,2,5,2,No label,CF,,,,,
131,bover_55,GB,High_school,Female,5,1,4,2,4,Meat and Poultry,1182,Pork Chops with Fresh Tomato' Onion' Garlic' and Feta,A,8,healthy,EvaluateChoices,5,5,5,3,4,4,4,1,3,4,2,No label,CF,,,,,
130,b25_35,GB,BA,Female,2,3,2,3,3,Meat and Poultry,2625,Teena's Spicy Pesto Chicken and Pasta,A,7,healthy,EvaluateChoices,4,4,4,3,3,2,4,2,2,4,4,No label,CF,,,,,
129,b35_45,GB,BA,Female,4,2,2,1,4,Fruits and Vegetables,761,Sweet' Sticky and Spicy Chicken,C,8,healthy,EvaluateChoices,4,5,5,2,4,2,4,1,1,5,5,No label,CF,,,,,
128,b25_35,GB,BA,Male,4,5,2,3,5,Barbecue,6674,Barbequed Ribs,C,11,unhealthy,EvaluateChoices,5,5,5,1,5,1,5,1,2,3,2,No label,CF,,,,,
127,b25_35,GB,High_school,Male,2,3,2,4,1,Meat and Poultry,352,Easy Herb Roasted Turkey,A,8,healthy,EvaluateChoices,4,3,4,2,4,5,4,1,3,3,3,No label,CF,,,,,
126,b25_35,GB,BA,Male,4,2,2,1,2,Barbecue,980,Tex-Mex Burger with Cajun Mayo,C,10,unhealthy,EvaluateChoices,5,4,5,2,4,2,4,2,2,4,2,No label,CF,,,,,
125,b35_45,GB,High_school,Female,3,4,2,2,2,Fruits and Vegetables,1185,Cajun Chicken Pasta,C,10,unhealthy,EvaluateChoices,5,4,4,2,4,2,5,1,1,5,2,No label,CF,,,,,
124,bover_55,GB,BA,Female,1,4,1,2,4,Barbecue,5967,Smothered Filet Mignon,C,9,unhealthy,EvaluateChoices,5,5,5,1,5,2,5,1,2,4,2,No label,CF,,,,,
117,bover_55,GB,High_school,Female,5,5,5,1,4,Meat and Poultry,3923,Chicken Souvlaki Gyro Style,C,10,unhealthy,EvaluateChoices,3,3,3,4,3,2,4,1,3,4,2,No label,CF,,,,,
116,b25_35,GB,Doctorate,Female,2,4,1,1,3,Barbecue,1391,Chipotle Crusted Pork Tenderloin,B,8,healthy,EvaluateChoices,2,2,3,5,1,3,2,2,2,4,2,No label,CF,,,,,
113,b45_55,GB,High_school,Female,3,3,2,3,4,Seafood Pasta and Noodles,35,Marinated Grilled Shrimp,A,6,healthy,EvaluateChoices,5,4,4,3,4,3,4,2,3,4,3,No label,CF,,,,,
105,b35_45,GB,Doctorate,Female,4,2,3,2,4,Meat and Poultry,465,Juicy Lucy Burgers,D,10,unhealthy,EvaluateChoices,5,5,5,4,5,1,5,1,1,5,1,No label,CF,,,,,
101,b45_55,GB,High_school,Male,2,4,2,3,4,Meat and Poultry,293,Garlic Prime Rib,C,9,unhealthy,EvaluateChoices,4,4,4,4,4,4,2,2,3,4,3,No label,CF,,,,,
86,b35_45,GB,Doctorate,Female,4,2,1,2,4,Meat and Poultry,6209,G's Flank Steak Marinade,D,8,healthy,EvaluateChoices,4,4,4,5,3,2,4,1,2,4,2,No label,CF,,,,,
78,b25_35,GB,High_school,Female,4,3,2,2,3,Seafood Pasta and Noodles,284,Spicy Grilled Shrimp,C,7,healthy,EvaluateChoices,5,3,4,4,4,2,4,2,2,5,1,No label,CF,,,,,
68,bover_55,GB,Less_high_school,Female,4,5,3,2,3,Barbecue,206,Beer Butt Chicken,D,10,unhealthy,EvaluateChoices,5,4,5,2,4,1,5,1,1,5,2,No label,CF,,,,,
66,b35_45,GB,High_school,Female,3,3,2,2,4,Seafood Pasta and Noodles,1548,Spinach Tomato Tortellini,C,9,unhealthy,EvaluateChoices,5,5,5,3,5,2,4,1,2,5,2,No label,CF,,,,,
62,b25_35,GB,BA,Female,2,4,1,2,4,Meat and Poultry,514,Lamb Chops with Balsamic Reduction,B,8,healthy,EvaluateChoices,5,4,4,2,4,1,5,2,2,4,4,No label,CF,,,,,
61,b18_24,GB,High_school,Female,3,4,2,3,2,Meat and Poultry,1185,Cajun Chicken Pasta,C,10,unhealthy,EvaluateChoices,4,3,4,4,3,2,4,2,3,4,2,No label,CF,,,,,
59,b35_45,GB,BA,Female,2,3,2,2,4,Seafood Pasta and Noodles,676,Coconut Shrimp I,A,7,healthy,EvaluateChoices,5,4,5,2,4,2,4,2,2,4,2,No label,CF,,,,,
57,b45_55,GB,BA,Male,4,5,3,4,4,Meat and Poultry,246,Sarge's EZ Pulled Pork BBQ,A,7,healthy,EvaluateChoices,5,4,4,2,4,3,3,2,3,5,3,No label,CF,,,,,
56,b25_35,GB,High_school,Female,4,2,2,2,5,Meat and Poultry,107,Italian Sausage' Peppers' and Onions,D,10,unhealthy,EvaluateChoices,4,4,4,5,2,4,2,1,2,5,2,No label,CF,,,,,
55,b25_35,GB,MSc,Female,2,4,4,2,4,Seafood Pasta and Noodles,281,Salmon with Lemon and Dill,C,9,unhealthy,EvaluateChoices,4,4,2,5,4,2,4,4,4,5,4,No label,CF,,,,,
54,b25_35,GB,BA,Female,2,3,2,4,3,Barbecue,3483,Shoyu Chicken,C,8,healthy,EvaluateChoices,4,4,4,3,4,2,4,3,3,4,3,No label,CF,,,,,
53,b45_55,GB,BA,Male,3,2,1,3,5,Fruits and Vegetables,303,Garden Veggie Pizza Squares,D,8,healthy,EvaluateChoices,3,2,3,3,2,2,3,2,3,3,3,No label,CF,,,,,
52,b25_35,GB,High_school,Female,3,4,1,2,4,Meat and Poultry,1052,Best Beef Dip Ever,B,9,unhealthy,EvaluateChoices,4,4,4,3,3,2,5,2,2,4,2,No label,CF,,,,,
51,b25_35,GB,BA,Female,1,3,2,2,4,Meat and Poultry,557,Bow Ties with Sausage' Tomatoes and Cream,C,10,unhealthy,EvaluateChoices,4,2,4,5,2,2,5,1,2,2,3,No label,CF,,,,,
50,b25_35,GB,BA,Male,3,4,2,3,4,Meat and Poultry,3763,Scott Hibb's Amazing Whisky Grilled Baby Back Ribs,B,12,unhealthy,EvaluateChoices,5,4,5,3,4,2,4,2,2,4,2,No label,CF,,,,,
49,b25_35,GB,BA,Male,1,2,2,2,2,Meat and Poultry,246,Sarge's EZ Pulled Pork BBQ,A,7,healthy,EvaluateChoices,5,4,5,3,5,2,4,2,4,5,2,No label,CF,,,,,
48,b18_24,GB,BA,Male,4,4,2,2,2,Meat and Poultry,1259,Herb Roasted Pork,A,9,unhealthy,EvaluateChoices,3,3,4,5,3,4,3,2,4,4,4,No label,CF,,,,,
47,bover_55,GB,MSc,Female,4,4,4,1,4,Seafood Pasta and Noodles,4584,Zippy Summer Shrimp,A,6,healthy,EvaluateChoices,4,4,4,4,2,4,4,1,4,3,2,No label,CF,,,,,
45,b18_24,GB,High_school,Female,2,3,2,2,2,Meat and Poultry,2625,Teena's Spicy Pesto Chicken and Pasta,A,7,healthy,EvaluateChoices,3,2,3,5,3,4,2,2,2,4,2,No label,CF,,,,,
44,b35_45,GB,High_school,Female,5,3,2,2,2,Seafood Pasta and Noodles,9098,Linguine Pasta with Shrimp and Tomatoes,A,5,healthy,EvaluateChoices,5,4,4,2,4,2,4,1,1,4,1,No label,CF,,,,,
40,b25_35,GB,BA,Male,4,2,2,3,2,Fruits and Vegetables,956,Pizza On The Grill I,C,7,healthy,EvaluateChoices,5,3,5,4,3,1,5,1,2,4,4,No label,CF,,,,,
39,b18_24,GB,BA,Female,4,4,1,4,3,Meat and Poultry,1259,Herb Roasted Pork,A,9,unhealthy,EvaluateChoices,5,4,4,3,3,2,5,1,2,5,2,No label,CF,,,,,
38,bover_55,GB,BA,Female,4,4,2,1,1,Meat and Poultry,2294,Oven Fried Parmesan Chicken,C,10,unhealthy,EvaluateChoices,5,5,5,3,4,4,3,1,2,4,3,No label,CF,,,,,
37,b25_35,GB,BA,Male,4,4,2,3,3,Barbecue,1416,Souvlaki,A,6,healthy,EvaluateChoices,5,4,5,2,4,2,4,2,2,4,3,No label,CF,,,,,
36,b25_35,GB,High_school,Female,3,4,2,3,2,Fruits and Vegetables,519,Best Tuna Melt (New Jersey Diner Style),C,10,unhealthy,EvaluateChoices,5,5,5,2,3,2,3,2,2,4,3,No label,CF,,,,,
35,b35_45,GB,MSc,Female,4,3,3,2,3,Meat and Poultry,1185,Cajun Chicken Pasta,C,10,unhealthy,EvaluateChoices,5,5,5,2,4,2,5,2,1,5,1,No label,CF,,,,,
34,b35_45,GB,High_school,Male,3,3,2,1,4,Meat and Poultry,1185,Cajun Chicken Pasta,C,10,unhealthy,EvaluateChoices,4,4,2,4,3,4,3,4,4,3,3,No label,CF,,,,,
33,b45_55,GB,BA,Female,3,3,2,3,3,Fruits and Vegetables,1377,California Grilled Veggie Sandwich,B,8,healthy,EvaluateChoices,4,3,4,4,3,4,3,2,3,4,3,No label,CF,,,,,
32,b25_35,GB,High_school,Female,3,3,2,2,4,Seafood Pasta and Noodles,35,Marinated Grilled Shrimp,A,6,healthy,EvaluateChoices,4,4,4,3,4,2,5,2,2,4,3,No label,CF,,,,,
31,b25_35,GB,BA,Female,4,2,2,3,2,Barbecue,1416,Souvlaki,A,6,healthy,EvaluateChoices,4,4,4,4,4,2,4,2,1,5,4,No label,CF,,,,,
30,b45_55,GB,BA,Female,4,4,2,2,3,Fruits and Vegetables,3459,Bacon Jack Chicken Sandwich,B,10,unhealthy,EvaluateChoices,4,3,4,3,3,4,3,3,2,4,3,No label,CF,,,,,
29,b25_35,GB,BA,Female,2,2,2,2,2,Barbecue,3943,Easy Chicken Satay,D,10,unhealthy,EvaluateChoices,5,4,4,5,4,2,3,1,2,3,5,No label,CF,,,,,
28,b35_45,GB,MSc,Female,4,4,1,1,3,Fruits and Vegetables,956,Pizza On The Grill I,C,7,healthy,EvaluateChoices,2,1,2,5,2,3,1,2,2,3,4,No label,CF,,,,,
27,b25_35,GB,BA,Female,3,2,2,2,2,Fruits and Vegetables,815,Gerry's Chicken Enchiladas,B,10,unhealthy,EvaluateChoices,4,4,4,3,4,2,4,2,2,4,2,No label,CF,,,,,
26,bover_55,GB,High_school,Female,3,5,2,1,5,Fruits and Vegetables,1185,Cajun Chicken Pasta,C,10,unhealthy,EvaluateChoices,3,4,3,4,3,4,3,4,1,5,1,No label,CF,,,,,
25,b18_24,GB,High_school,Female,4,4,3,2,3,Seafood Pasta and Noodles,202,Peppered Shrimp Alfredo,C,10,unhealthy,EvaluateChoices,4,3,4,3,3,4,2,4,3,4,2,No label,CF,,,,,
24,b25_35,GB,High_school,Male,1,4,1,3,1,Meat and Poultry,1554,Pico de Gallo Chicken Quesadillas,B,10,unhealthy,EvaluateChoices,5,4,4,4,4,5,1,3,4,4,4,No label,CF,,,,,
23,b35_45,GB,High_school,Female,3,5,3,2,4,Seafood Pasta and Noodles,1507,Shrimp and Mushroom Linguini with Creamy Cheese Herb Sauce,C,9,unhealthy,EvaluateChoices,5,4,4,4,4,3,4,2,2,4,2,No label,CF,,,,,
21,b18_24,GB,MSc,Female,4,3,1,2,2,Seafood Pasta and Noodles,513,Spinach Cheese Manicotti,B,9,unhealthy,EvaluateChoices,4,3,4,5,3,2,2,1,2,4,1,No label,CF,,,,,
20,b35_45,GB,MSc,Male,4,4,2,2,3,Barbecue,3459,Bacon Jack Chicken Sandwich,B,10,unhealthy,EvaluateChoices,2,2,3,5,2,3,3,1,1,1,1,No label,CF,,,,,
19,b25_35,GB,MSc,Female,5,5,1,1,4,Seafood Pasta and Noodles,1428,Yakisoba Chicken,B,6,healthy,EvaluateChoices,5,4,5,3,3,1,5,1,1,5,1,No label,CF,,,,,
18,b35_45,GB,High_school,Female,4,4,3,2,4,Meat and Poultry,1747,Simple BBQ Ribs,D,10,unhealthy,EvaluateChoices,4,4,4,4,4,4,1,1,1,4,1,No label,CF,,,,,
17,b25_35,GB,High_school,Female,2,4,2,2,4,Barbecue,6674,Barbequed Ribs,C,11,unhealthy,EvaluateChoices,4,4,5,2,4,2,4,2,2,4,2,No label,CF,,,,,
16,b25_35,GB,MSc,Male,4,4,2,4,4,Meat and Poultry,3081,Pork Chops Stuffed with Smoked Gouda and Bacon,C,10,unhealthy,EvaluateChoices,4,4,4,3,4,2,4,1,2,4,2,No label,CF,,,,,
2007,b25_35,GB,Doctorate,Female,4,3,2,2,2,Fruits and Vegetables,804,Spinach and Feta Pita Bake,A,7,healthy,EvaluateChoices,4,3,4,2,3,2,4,2,2,3,2,Boost,CF,,,,,
2008,b35_45,GB,High_school,Female,4,3,2,2,3,Meat and Poultry,1225,Breaded Chicken Fingers,A,6,healthy,EvaluateChoices,4,3,4,4,3,2,4,1,1,4,1,Boost,CF,,,,,
2009,b45_55,GB,MSc,Female,4,1,1,2,2,Meat and Poultry,1416,Souvlaki,A,6,healthy,EvaluateChoices,5,5,5,3,5,1,4,2,2,5,2,Boost,CF,,,,,
2010,b35_45,GB,High_school,Female,2,2,2,2,4,Meat and Poultry,1554,Pico de Gallo Chicken Quesadillas,B,10,unhealthy,EvaluateChoices,4,4,4,4,3,2,4,2,2,4,3,Boost,CF,,,,,
2011,b35_45,GB,BA,Female,2,3,2,2,4,Meat and Poultry,1481,Garlic Chicken Fried Chicken,A,7,healthy,EvaluateChoices,4,3,4,4,3,2,4,2,3,4,3,Boost,CF,,,,,
2012,b25_35,GB,BA,Female,4,4,2,2,2,Seafood Pasta and Noodles,9098,Linguine Pasta with Shrimp and Tomatoes,A,5,healthy,EvaluateChoices,4,3,4,4,3,2,2,1,2,3,3,Boost,CF,,,,,
2013,b45_55,GB,BA,Female,4,4,4,1,4,Meat and Poultry,2074,Chicken and Bacon Shish Kabobs,B,8,healthy,EvaluateChoices,4,4,4,5,4,2,4,1,1,1,1,Boost,CF,,,,,
2014,b35_45,GB,BA,Female,4,3,1,2,3,Meat and Poultry,6209,G's Flank Steak Marinade,D,8,healthy,EvaluateChoices,3,2,2,3,1,2,3,2,3,4,3,Boost,CF,,,,,
2015,b25_35,GB,BA,Female,2,4,2,1,3,Barbecue,520,Spinach and Feta Turkey Burgers,A,7,healthy,EvaluateChoices,5,5,5,4,5,4,5,2,2,4,2,Boost,CF,,,,,
2016,b25_35,GB,BA,Male,3,2,1,3,4,Meat and Poultry,520,Spinach and Feta Turkey Burgers,A,7,healthy,EvaluateChoices,5,5,5,4,4,4,2,5,3,4,1,Boost,CF,,,,,
2017,b25_35,GB,BA,Female,4,3,3,4,4,Meat and Poultry,246,Sarge's EZ Pulled Pork BBQ,A,7,healthy,EvaluateChoices,4,3,4,4,3,3,2,4,3,4,2,Boost,CF,,,,,
2018,b45_55,GB,High_school,Female,2,2,2,3,4,Seafood Pasta and Noodles,1185,Cajun Chicken Pasta,C,10,unhealthy,EvaluateChoices,4,4,4,4,4,1,5,1,1,4,1,Boost,CF,,,,,
2019,b45_55,GB,BA,Female,5,5,2,1,4,Fruits and Vegetables,3923,Chicken Souvlaki Gyro Style,C,10,unhealthy,EvaluateChoices,4,4,4,4,3,2,5,1,1,4,2,Boost,CF,,,,,
2020,b35_45,GB,MSc,Female,4,4,2,2,4,Seafood Pasta and Noodles,9319,Cindy's Jambalaya,B,7,healthy,EvaluateChoices,4,3,4,4,3,4,2,3,4,4,4,Boost,CF,,,,,
2021,b35_45,GB,High_school,Female,4,2,2,3,2,Seafood Pasta and Noodles,2625,Teena's Spicy Pesto Chicken and Pasta,A,7,healthy,EvaluateChoices,5,4,4,3,4,4,2,3,2,5,2,Boost,CF,,,,,
2022,b45_55,GB,BA,Female,4,4,3,2,3,Seafood Pasta and Noodles,103,Grilled Salmon I,D,9,unhealthy,EvaluateChoices,4,4,4,3,4,3,3,3,2,4,4,Boost,CF,,,,,
2023,bover_55,GB,High_school,Female,2,4,2,2,4,Meat and Poultry,2903,Boiled Chicken,A,5,healthy,EvaluateChoices,4,4,4,3,4,2,4,2,3,4,2,Boost,CF,,,,,
2024,b25_35,GB,BA,Female,4,2,3,1,3,Fruits and Vegetables,2086,Farmer's Market Vegetarian Quesadillas,A,7,healthy,EvaluateChoices,4,4,4,4,4,3,4,2,2,4,2,Boost,CF,,,,,
2025,b25_35,GB,MSc,Female,4,4,3,2,4,Meat and Poultry,3679,Whit's Chicken Enchiladas,D,10,unhealthy,EvaluateChoices,5,4,5,3,5,2,5,2,2,2,2,Boost,CF,,,,,
2026,b25_35,GB,MSc,Male,3,2,3,2,4,Fruits and Vegetables,1377,California Grilled Veggie Sandwich,B,8,healthy,EvaluateChoices,3,2,4,4,4,4,3,2,3,3,3,Boost,CF,,,,,
2027,bover_55,GB,High_school,Female,3,4,2,3,4,Meat and Poultry,555,Honey Glazed Ham,E,12,unhealthy,EvaluateChoices,4,3,4,3,3,2,4,1,1,3,1,Boost,CF,,,,,
2028,b18_24,GB,High_school,Male,4,4,2,2,3,Meat and Poultry,246,Sarge's EZ Pulled Pork BBQ,A,7,healthy,EvaluateChoices,4,3,5,3,3,2,4,3,2,4,2,Boost,CF,,,,,
2029,b25_35,GB,BA,Female,4,2,4,2,5,Meat and Poultry,41,Sloppy Joes II,B,8,healthy,EvaluateChoices,4,4,5,4,4,4,2,5,3,3,3,Boost,CF,,,,,
2030,b35_45,GB,High_school,Female,4,5,4,1,3,Meat and Poultry,2052,Asian Beef Skewers,C,7,healthy,EvaluateChoices,5,4,5,3,4,2,4,1,1,4,2,Boost,CF,,,,,
2031,b18_24,GB,High_school,Male,2,3,2,1,3,Barbecue,3081,Pork Chops Stuffed with Smoked Gouda and Bacon,C,10,unhealthy,EvaluateChoices,5,2,4,2,4,1,4,1,1,5,2,Boost,CF,,,,,
2032,b25_35,GB,MSc,Female,4,4,2,1,4,Fruits and Vegetables,945,Greek Chicken Pasta,A,6,healthy,EvaluateChoices,3,2,1,5,2,2,4,2,2,4,2,Boost,CF,,,,,
2033,b25_35,GB,BA,Female,5,4,3,2,2,Fruits and Vegetables,804,Spinach and Feta Pita Bake,A,7,healthy,EvaluateChoices,4,4,4,5,3,2,4,2,1,4,2,Boost,CF,,,,,
2034,bover_55,GB,High_school,Female,2,3,4,2,4,Fruits and Vegetables,1391,Chipotle Crusted Pork Tenderloin,B,8,healthy,EvaluateChoices,5,5,5,3,5,2,5,3,3,4,3,Boost,CF,,,,,
2035,b25_35,GB,MSc,Female,5,5,2,1,5,Seafood Pasta and Noodles,35,Marinated Grilled Shrimp,A,6,healthy,EvaluateChoices,5,5,5,4,4,2,4,1,2,5,5,Boost,CF,,,,,
2036,b25_35,GB,BA,Female,3,3,2,4,3,Seafood Pasta and Noodles,2625,Teena's Spicy Pesto Chicken and Pasta,A,7,healthy,EvaluateChoices,4,4,4,4,4,2,4,2,3,4,4,Boost,CF,,,,,
2037,b18_24,GB,High_school,Female,3,3,2,1,3,Fruits and Vegetables,1415,Spicy Chipotle Turkey Burgers,B,8,healthy,EvaluateChoices,4,4,3,3,3,2,4,1,2,4,2,Boost,CF,,,,,
2038,b25_35,GB,High_school,Female,3,2,1,2,1,Barbecue,6674,Barbequed Ribs,C,11,unhealthy,EvaluateChoices,5,4,4,3,4,1,5,1,1,5,1,Boost,CF,,,,,
2039,b45_55,GB,BA,Female,4,4,2,2,3,Meat and Poultry,1391,Chipotle Crusted Pork Tenderloin,B,8,healthy,EvaluateChoices,4,4,4,4,4,4,4,4,4,4,4,Boost,CF,,,,,
2040,b18_24,GB,High_school,Female,4,3,2,3,2,Seafood Pasta and Noodles,1185,Cajun Chicken Pasta,C,10,unhealthy,EvaluateChoices,4,4,4,3,4,3,3,2,2,5,2,Boost,CF,,,,,
2041,b35_45,GB,BA,Female,4,2,2,2,2,Fruits and Vegetables,520,Spinach and Feta Turkey Burgers,A,7,healthy,EvaluateChoices,4,4,4,4,3,2,4,2,2,4,2,Boost,CF,,,,,
2042,b35_45,GB,BA,Female,4,4,1,1,4,Seafood Pasta and Noodles,1412,Chipotle Shrimp Tacos,A,7,healthy,EvaluateChoices,5,4,5,3,3,2,5,1,2,4,3,Boost,CF,,,,,
2043,b35_45,GB,BA,Male,2,3,2,2,4,Meat and Poultry,980,Tex-Mex Burger with Cajun Mayo,C,10,unhealthy,EvaluateChoices,4,3,5,2,4,2,4,2,1,4,2,Boost,CF,,,,,
2044,b25_35,GB,MSc,Female,4,3,2,2,4,Meat and Poultry,3763,Scott Hibb's Amazing Whisky Grilled Baby Back Ribs,B,12,unhealthy,EvaluateChoices,4,2,5,4,3,2,4,2,3,4,2,Boost,CF,,,,,
2045,b25_35,GB,High_school,Female,4,4,1,2,1,Meat and Poultry,1697,Chicken Quesadillas,C,7,healthy,EvaluateChoices,4,3,4,5,3,4,3,2,2,4,2,Boost,CF,,,,,
2046,b45_55,GB,High_school,Female,4,4,2,2,4,Fruits and Vegetables,22,Sausage' Peppers' Onions' and Potato Bake,A,10,unhealthy,EvaluateChoices,5,5,5,2,5,4,2,4,2,4,2,Boost,CF,,,,,
2047,b35_45,GB,MSc,Female,4,4,2,1,3,Meat and Poultry,2789,Chicken Katsu,A,5,healthy,EvaluateChoices,4,4,4,3,3,2,4,3,2,4,3,Boost,CF,,,,,
2048,b25_35,GB,High_school,Female,2,2,1,3,2,Meat and Poultry,4209,Quick and Easy Mexican Chicken,B,8,healthy,EvaluateChoices,3,2,3,3,2,2,4,1,3,3,3,Boost,CF,,,,,
2049,b45_55,GB,BA,Female,5,5,3,1,5,Fruits and Vegetables,65,Gourmet Mushroom Risotto,A,9,unhealthy,EvaluateChoices,4,4,4,4,4,4,2,1,1,5,2,Boost,CF,,,,,
2050,b18_24,GB,BA,Female,3,4,2,2,4,Seafood Pasta and Noodles,9098,Linguine Pasta with Shrimp and Tomatoes,A,5,healthy,EvaluateChoices,4,4,4,4,4,4,2,2,2,5,2,Boost,CF,,,,,
2051,b25_35,GB,MSc,Female,3,2,2,4,2,Seafood Pasta and Noodles,202,Peppered Shrimp Alfredo,C,10,unhealthy,EvaluateChoices,4,4,4,3,4,4,3,2,2,4,2,Boost,CF,,,,,
2052,b45_55,GB,High_school,Female,4,4,2,2,2,Barbecue,510,Grilled Pork Tenderloin,B,7,healthy,EvaluateChoices,4,4,4,3,4,4,3,2,2,5,2,Boost,CF,,,,,
2053,b25_35,GB,BA,Female,3,4,2,2,3,Meat and Poultry,52,BBQ Pork for Sandwiches,C,9,unhealthy,EvaluateChoices,5,5,5,5,4,4,3,2,2,4,3,Boost,CF,,,,,
2054,b25_35,GB,BA,Male,3,2,3,2,4,Meat and Poultry,2625,Teena's Spicy Pesto Chicken and Pasta,A,7,healthy,EvaluateChoices,4,4,4,2,4,5,2,3,2,4,4,Boost,CF,,,,,
2055,b25_35,GB,High_school,Female,4,4,4,3,4,Fruits and Vegetables,1377,California Grilled Veggie Sandwich,B,8,healthy,EvaluateChoices,4,3,4,2,4,2,4,1,2,3,3,Boost,CF,,,,,
2056,b45_55,GB,High_school,Female,4,3,2,2,3,Fruits and Vegetables,1548,Spinach Tomato Tortellini,C,9,unhealthy,EvaluateChoices,5,4,5,3,4,2,4,1,1,3,2,Boost,CF,,,,,
2057,b25_35,GB,Doctorate,Male,5,4,3,3,4,Meat and Poultry,1416,Souvlaki,A,6,healthy,EvaluateChoices,4,4,4,3,3,2,4,2,3,4,3,Boost,CF,,,,,
2058,b18_24,GB,High_school,Female,4,2,1,4,1,Seafood Pasta and Noodles,787,Asian Salmon,A,5,healthy,EvaluateChoices,4,4,4,4,2,2,4,1,1,4,2,Boost,CF,,,,,
2059,b25_35,GB,BA,Female,3,4,2,2,4,Fruits and Vegetables,719,Chicken with Asparagus and Roasted Red Peppers,A,4,healthy,EvaluateChoices,4,3,4,4,3,2,3,2,2,4,2,Boost,CF,,,,,
2060,b18_24,GB,BA,Male,3,4,1,2,2,Barbecue,3483,Shoyu Chicken,C,8,healthy,EvaluateChoices,5,5,4,4,5,4,2,4,3,5,2,Boost,CF,,,,,
2061,b25_35,GB,High_school,Female,3,3,2,4,3,Meat and Poultry,246,Sarge's EZ Pulled Pork BBQ,A,7,healthy,EvaluateChoices,4,4,4,4,4,2,4,2,2,4,2,Boost,CF,,,,,
2062,b35_45,GB,BA,Female,4,3,2,3,2,Fruits and Vegetables,804,Spinach and Feta Pita Bake,A,7,healthy,EvaluateChoices,4,4,4,3,3,2,4,3,3,3,3,Boost,CF,,,,,
2063,b35_45,GB,BA,Female,4,1,3,3,2,Meat and Poultry,1416,Souvlaki,A,6,healthy,EvaluateChoices,5,4,4,4,4,3,4,4,4,3,1,Boost,CF,,,,,
2064,b25_35,GB,BA,Female,5,4,3,2,4,Seafood Pasta and Noodles,9098,Linguine Pasta with Shrimp and Tomatoes,A,5,healthy,EvaluateChoices,4,4,4,5,3,3,4,2,2,5,1,Boost,CF,,,,,
2065,b18_24,GB,High_school,Female,4,4,2,2,2,Fruits and Vegetables,188,Chili Rellenos Casserole,D,10,unhealthy,EvaluateChoices,4,2,4,4,3,2,4,2,2,5,2,Boost,CF,,,,,
2066,b35_45,GB,High_school,Male,3,5,1,2,1,Seafood Pasta and Noodles,1185,Cajun Chicken Pasta,C,10,unhealthy,EvaluateChoices,5,3,5,4,5,1,2,1,1,5,1,Boost,CF,,,,,
2067,b35_45,GB,BA,Male,4,3,2,3,3,Seafood Pasta and Noodles,1185,Cajun Chicken Pasta,C,10,unhealthy,EvaluateChoices,4,4,4,4,3,2,4,3,2,4,2,Boost,CF,,,,,
3076,b35_45,GB,High_school,Female,4,3,2,2,4,Meat and Poultry,53,Slow Cooker Ham,D,10,unhealthy,EvaluateChoices,4,4,4,4,3,4,3,2,2,5,1,No label,KB,4.0,450.0,4.0,40.0,4.0
3075,b35_45,GB,High_school,Male,3,3,2,1,4,Meat and Poultry,627,Chef John's Italian Meatballs,C,7,healthy,EvaluateChoices,1,1,1,4,1,4,2,2,2,3,3,No label,KB,4.0,500.0,2.0,30.0,5.0
3074,bover_55,GB,High_school,Female,4,4,2,3,5,Meat and Poultry,203,World's Best Lasagna,C,10,unhealthy,EvaluateChoices,4,4,4,4,3,2,3,2,2,5,3,No label,KB,0.0,850.0,2.0,60.0,6.0
3073,b35_45,GB,High_school,Female,1,5,1,5,1,Meat and Poultry,203,World's Best Lasagna,C,10,unhealthy,EvaluateChoices,5,5,3,2,5,1,5,1,1,5,1,No label,KB,3.8,950.0,6.0,60.0,5.0
3072,b18_24,GB,High_school,Female,4,2,2,3,2,Seafood Pasta and Noodles,1538,Penne and Vodka Sauce,C,10,unhealthy,EvaluateChoices,4,3,3,4,2,4,2,3,2,4,3,No label,KB,4.0,500.0,2.0,30.0,5.0
3071,b25_35,GB,BA,Female,2,4,3,2,4,Fruits and Vegetables,93,Taqueria Style Tacos - Carne Asada,A,9,unhealthy,EvaluateChoices,3,4,4,4,3,2,3,2,2,4,2,No label,KB,0.0,400.0,4.0,25.0,5.0
3070,b25_35,GB,High_school,Male,3,3,4,2,3,Seafood Pasta and Noodles,509,Alfredo Mostaccioli,D,9,unhealthy,EvaluateChoices,4,4,5,3,5,2,4,2,3,4,4,No label,KB,4.0,650.0,3.0,40.0,4.0
3069,b45_55,GB,High_school,Female,4,3,2,3,3,Seafood Pasta and Noodles,787,Asian Salmon,A,5,healthy,EvaluateChoices,4,3,4,4,3,4,2,3,3,4,3,No label,KB,0.0,200.0,3.0,30.0,5.0
3068,b18_24,GB,BA,Male,2,3,2,3,2,Barbecue,1171,Bronco Burger,C,10,unhealthy,EvaluateChoices,4,5,4,4,3,2,4,2,2,4,2,No label,KB,3.8,700.0,2.0,60.0,6.0
3066,bover_55,GB,BA,Female,3,3,2,4,2,Fruits and Vegetables,1004,Cucumber Sandwiches III,D,8,healthy,EvaluateChoices,4,4,4,5,5,2,4,2,2,4,5,No label,KB,0.0,212.0,1.0,60.0,3.0
3065,b45_55,GB,MSc,Female,4,3,3,4,4,Fruits and Vegetables,303,Garden Veggie Pizza Squares,D,8,healthy,EvaluateChoices,4,3,4,2,3,4,2,4,2,4,2,No label,KB,0.0,340.0,5.0,30.0,4.0
3064,bover_55,GB,BA,Female,2,3,2,4,2,Seafood Pasta and Noodles,4584,Zippy Summer Shrimp,A,6,healthy,EvaluateChoices,4,3,4,2,3,2,5,1,2,4,2,No label,KB,0.0,800.0,2.0,15.0,5.0
3063,b18_24,GB,High_school,Female,4,4,1,2,2,Meat and Poultry,911,BBQ Glazed Homemade Meatballs,D,8,healthy,EvaluateChoices,4,4,4,2,4,2,4,2,1,5,2,No label,KB,4.0,700.0,2.0,60.0,5.0
3062,b25_35,GB,BA,Female,4,3,2,1,4,Meat and Poultry,911,BBQ Glazed Homemade Meatballs,D,8,healthy,EvaluateChoices,3,2,2,5,2,4,2,2,1,5,2,No label,KB,4.0,650.0,2.0,30.0,6.0
3061,bover_55,GB,BA,Male,5,3,3,1,4,Fruits and Vegetables,1185,Cajun Chicken Pasta,C,10,unhealthy,EvaluateChoices,4,3,4,4,4,4,2,1,2,4,1,No label,KB,0.0,400.0,4.0,40.0,6.0
3060,b25_35,GB,High_school,Female,3,3,2,2,4,Seafood Pasta and Noodles,66,Ricotta Gnocchi,C,10,unhealthy,EvaluateChoices,4,3,4,4,3,4,3,2,1,5,3,No label,KB,4.0,600.0,2.0,30.0,5.0
3059,b18_24,GB,High_school,Male,2,3,4,2,3,Meat and Poultry,203,World's Best Lasagna,C,10,unhealthy,EvaluateChoices,4,3,4,4,2,1,4,1,2,4,2,No label,KB,4.0,600.0,2.0,45.0,4.0
3058,b18_24,GB,High_school,Female,3,4,2,4,3,Seafood Pasta and Noodles,154,Szechwan Shrimp,B,6,healthy,EvaluateChoices,4,4,4,4,3,4,3,4,2,4,3,No label,KB,4.0,800.0,4.0,20.0,5.0
3057,b18_24,GB,High_school,Male,2,4,2,1,5,Fruits and Vegetables,1541,Chicken Makhani (Indian Butter Chicken),B,9,unhealthy,EvaluateChoices,5,4,3,2,4,2,4,1,1,5,2,No label,KB,4.0,800.0,3.0,60.0,5.0
3056,b25_35,GB,MSc,Female,4,2,1,2,3,Fruits and Vegetables,661,Chicken Chimichangas,B,10,unhealthy,EvaluateChoices,3,2,2,5,2,5,2,3,2,5,2,No label,KB,4.0,700.0,4.0,45.0,10.0
3055,b25_35,GB,High_school,Male,2,4,1,2,3,Meat and Poultry,650,Slider-Style Mini Burgers,D,8,healthy,EvaluateChoices,5,4,4,4,4,2,4,1,1,5,2,No label,KB,4.0,550.0,4.0,45.0,5.0
3054,b18_24,GB,High_school,Female,2,2,2,1,2,Meat and Poultry,75,Angela's Awesome Enchiladas,B,10,unhealthy,EvaluateChoices,4,4,4,3,4,1,5,2,2,5,2,No label,KB,4.0,400.0,2.0,25.0,5.0
3053,b18_24,GB,High_school,Female,3,4,1,2,3,Fruits and Vegetables,294,Real Italian Calzones,D,8,healthy,EvaluateChoices,4,3,2,3,2,2,4,1,2,4,2,No label,KB,4.0,400.0,5.0,20.0,7.0
3052,b45_55,GB,BA,Male,4,4,2,1,2,Seafood Pasta and Noodles,509,Alfredo Mostaccioli,D,9,unhealthy,EvaluateChoices,4,3,4,4,3,2,4,1,2,4,2,No label,KB,0.0,1000.0,3.0,60.0,5.0
3051,b25_35,GB,BA,refuse_to_disc,3,2,2,4,4,Barbecue,788,Brisket with BBQ Sauce,D,10,unhealthy,EvaluateChoices,4,3,4,3,3,2,4,1,2,4,2,No label,KB,4.0,750.0,5.0,45.0,8.0
3050,bover_55,GB,BA,Female,4,4,2,3,5,Seafood Pasta and Noodles,384,Fish Tacos,A,5,healthy,EvaluateChoices,3,4,4,5,3,2,1,1,2,2,2,No label,KB,0.0,500.0,2.0,30.0,5.0
3049,b45_55,GB,High_school,Female,4,4,3,1,3,Fruits and Vegetables,1541,Chicken Makhani (Indian Butter Chicken),B,9,unhealthy,EvaluateChoices,4,4,4,3,4,4,4,3,4,4,2,No label,KB,0.0,800.0,2.0,20.0,3.0
3048,b35_45,GB,High_school,Female,4,3,3,2,4,Fruits and Vegetables,1541,Chicken Makhani (Indian Butter Chicken),B,9,unhealthy,EvaluateChoices,4,2,2,4,4,2,4,2,2,4,2,No label,KB,4.0,700.0,2.0,45.0,5.0
3047,b25_35,GB,BA,Female,3,5,1,1,4,Fruits and Vegetables,1553,Spinach and Mushroom Quesadillas,D,8,healthy,EvaluateChoices,4,5,5,4,4,3,5,2,2,4,1,No label,KB,0.0,800.0,2.0,45.0,10.0
3046,bover_55,GB,BA,Female,4,4,1,2,5,Meat and Poultry,627,Chef John's Italian Meatballs,C,7,healthy,EvaluateChoices,4,4,4,3,3,2,4,1,2,4,4,No label,KB,0.0,400.0,2.0,30.0,4.0
3045,b18_24,GB,BA,Male,4,4,2,2,4,Meat and Poultry,911,BBQ Glazed Homemade Meatballs,D,8,healthy,EvaluateChoices,4,4,3,5,3,3,3,2,4,4,2,No label,KB,4.0,500.0,1.0,30.0,4.0
3044,b18_24,GB,Not,Female,2,3,1,1,2,Meat and Poultry,913,Mini Ham And Cheese Rolls,D,10,unhealthy,EvaluateChoices,4,3,3,3,4,1,4,2,1,4,1,No label,KB,4.0,400.0,2.0,30.0,4.0
3043,bover_55,GB,BA,Female,4,2,2,2,3,Fruits and Vegetables,303,Garden Veggie Pizza Squares,D,8,healthy,EvaluateChoices,4,2,1,5,3,2,4,2,3,4,4,No label,KB,4.0,550.0,2.0,30.0,5.0
3042,b18_24,GB,High_school,Female,3,5,3,1,2,Meat and Poultry,627,Chef John's Italian Meatballs,C,7,healthy,EvaluateChoices,5,5,5,3,5,2,4,2,2,5,3,No label,KB,4.0,600.0,3.0,60.0,6.0
3041,b35_45,GB,High_school,Female,4,2,2,4,2,Seafood Pasta and Noodles,917,Anna's Amazing Easy Pleasy Meatballs over Buttered Noodles,C,9,unhealthy,EvaluateChoices,3,2,4,5,1,2,3,4,2,5,2,No label,KB,4.0,700.0,4.0,45.0,7.0
3040,bover_55,GB,High_school,Male,5,3,2,2,2,Meat and Poultry,911,BBQ Glazed Homemade Meatballs,D,8,healthy,EvaluateChoices,4,4,4,3,3,3,3,2,2,4,2,No label,KB,0.0,700.0,2.0,60.0,6.0
3039,b35_45,GB,High_school,Male,2,5,5,5,5,Fruits and Vegetables,2735,Pork Chalupas,B,8,healthy,EvaluateChoices,5,5,5,5,5,4,4,5,4,3,4,No label,KB,4.0,200.0,5.0,60.0,4.0
3038,bover_55,GB,High_school,Female,4,4,2,2,4,Meat and Poultry,650,Slider-Style Mini Burgers,D,8,healthy,EvaluateChoices,3,3,3,4,3,3,2,2,2,4,2,No label,KB,0.0,400.0,2.0,30.0,4.0
3037,b45_55,GB,BA,Female,3,4,2,2,4,Seafood Pasta and Noodles,1649,To Die For Fettuccine Alfredo,D,9,unhealthy,EvaluateChoices,4,4,5,4,4,4,2,3,1,5,1,No label,KB,0.0,400.0,2.0,30.0,7.0
3036,b25_35,GB,BA,Female,5,4,3,2,3,Fruits and Vegetables,303,Garden Veggie Pizza Squares,D,8,healthy,EvaluateChoices,3,2,2,5,2,4,1,5,4,5,3,No label,KB,4.0,500.0,3.0,20.0,5.0
3035,b18_24,GB,BA,Male,3,4,2,1,1,Barbecue,2118,Grilled Salmon II,C,8,healthy,EvaluateChoices,4,4,5,5,4,2,2,1,1,5,3,No label,KB,0.0,500.0,4.0,35.0,6.0
3034,b35_45,GB,MSc,Female,4,3,3,2,4,Seafood Pasta and Noodles,154,Szechwan Shrimp,B,6,healthy,EvaluateChoices,4,3,2,4,3,4,4,2,2,4,2,No label,KB,4.0,500.0,2.0,30.0,5.0
3033,b18_24,GB,High_school,Male,4,3,3,2,3,Meat and Poultry,203,World's Best Lasagna,C,10,unhealthy,EvaluateChoices,4,4,4,3,3,3,4,1,1,4,2,No label,KB,4.0,750.0,4.0,30.0,5.0
3032,b18_24,GB,High_school,Male,4,4,3,2,4,Meat and Poultry,585,Slow Cooked Corned Beef for Sandwiches,B,8,healthy,EvaluateChoices,2,2,3,5,3,3,2,2,1,5,4,No label,KB,4.0,650.0,4.0,45.0,10.0
3031,b25_35,GB,BA,Female,4,5,4,2,2,Meat and Poultry,650,Slider-Style Mini Burgers,D,8,healthy,EvaluateChoices,4,3,3,4,2,2,4,2,3,4,3,No label,KB,4.0,700.0,4.0,60.0,10.0
3030,bover_55,GB,BA,Male,4,4,2,2,2,Seafood Pasta and Noodles,1076,Salmon Cakes II,D,9,unhealthy,EvaluateChoices,4,3,4,4,3,1,4,1,2,4,3,No label,KB,0.0,600.0,2.0,60.0,5.0
3029,b18_24,GB,High_school,Female,3,4,2,2,3,Barbecue,1171,Bronco Burger,C,10,unhealthy,EvaluateChoices,4,2,4,3,3,2,4,2,2,4,2,No label,KB,4.0,500.0,3.0,30.0,4.0
3028,b25_35,GB,BA,Female,4,3,4,2,3,Seafood Pasta and Noodles,1602,Baked Salmon Fillets Dijon,D,9,unhealthy,EvaluateChoices,4,4,5,2,4,3,4,3,2,4,2,No label,KB,4.0,700.0,2.0,30.0,8.0
3027,b18_24,GB,MSc,Female,4,3,2,2,3,Meat and Poultry,203,World's Best Lasagna,C,10,unhealthy,EvaluateChoices,4,3,3,3,3,4,3,4,2,4,2,No label,KB,0.0,600.0,1.0,20.0,5.0
3026,b18_24,GB,High_school,Female,4,2,2,2,5,Meat and Poultry,627,Chef John's Italian Meatballs,C,7,healthy,EvaluateChoices,4,4,4,3,3,4,2,4,4,5,3,No label,KB,4.0,500.0,2.0,30.0,7.0
3025,bover_55,GB,MSc,Male,5,5,1,1,5,Fruits and Vegetables,1185,Cajun Chicken Pasta,C,10,unhealthy,EvaluateChoices,5,5,5,3,5,4,4,4,2,4,3,No label,KB,0.0,500.0,6.0,55.0,5.0
3024,b25_35,GB,BA,Female,4,3,2,4,2,Seafood Pasta and Noodles,283,Ultimate Shrimp Scampi,B,10,unhealthy,EvaluateChoices,4,2,4,4,3,2,4,2,2,4,2,No label,KB,0.0,300.0,4.0,60.0,5.0
3023,bover_55,GB,BA,Female,4,4,2,2,4,Fruits and Vegetables,294,Real Italian Calzones,D,8,healthy,EvaluateChoices,4,3,3,4,3,4,2,3,2,4,2,No label,KB,4.0,500.0,1.0,15.0,5.0
3022,b25_35,GB,MSc,Male,4,4,3,2,4,Seafood Pasta and Noodles,58,Broiled Tilapia Parmesan,B,7,healthy,EvaluateChoices,3,2,2,2,2,4,2,3,2,4,2,No label,KB,4.0,1000.0,2.0,45.0,10.0
3021,b25_35,GB,High_school,Female,4,3,4,2,4,Meat and Poultry,203,World's Best Lasagna,C,10,unhealthy,EvaluateChoices,5,5,4,4,5,3,4,2,2,4,3,No label,KB,4.0,800.0,1.0,30.0,5.0
3020,b25_35,GB,BA,Female,2,4,1,2,3,Meat and Poultry,2312,Classic Cuban Midnight (Medianoche) Sandwich,D,10,unhealthy,EvaluateChoices,4,4,4,3,3,2,4,2,2,4,2,No label,KB,4.0,400.0,4.0,45.0,6.0
3019,b25_35,GB,BA,Female,4,2,3,2,3,Meat and Poultry,75,Angela's Awesome Enchiladas,B,10,unhealthy,EvaluateChoices,4,4,4,4,5,2,4,2,2,5,4,No label,KB,4.0,300.0,2.0,30.0,6.0
3018,b25_35,GB,High_school,Female,4,4,4,2,4,Barbecue,609,Rosemary Ranch Chicken Kabobs,D,9,unhealthy,EvaluateChoices,4,2,4,5,3,2,4,2,2,4,2,No label,KB,4.0,700.0,4.0,30.0,5.0
3017,b18_24,GB,High_school,Female,2,3,1,1,3,Seafood Pasta and Noodles,1538,Penne and Vodka Sauce,C,10,unhealthy,EvaluateChoices,4,2,4,4,2,3,2,2,2,4,2,No label,KB,0.0,500.0,4.0,60.0,5.0
3016,b18_24,GB,BA,Female,3,3,3,2,4,Meat and Poultry,203,World's Best Lasagna,C,10,unhealthy,EvaluateChoices,3,3,2,4,2,4,3,3,3,4,4,No label,KB,4.0,500.0,2.0,60.0,5.0
5012,bover_55,GB,BA,Male,4,4,3,2,4,Meat and Poultry,53,Slow Cooker Ham,D,10,unhealthy,EvaluateChoices,3,3,3,4,3,2,4,3,1,4,4,Boost,KB,4.0,215.0,2.0,31.0,10.0
5013,b35_45,GB,High_school,Female,2,2,1,2,3,Seafood Pasta and Noodles,58,Broiled Tilapia Parmesan,B,7,healthy,EvaluateChoices,4,4,4,5,3,4,3,2,1,5,2,Boost,KB,0.0,450.0,1.0,30.0,5.0
5014,b25_35,GB,BA,Female,4,4,3,3,3,Meat and Poultry,203,World's Best Lasagna,C,10,unhealthy,EvaluateChoices,4,4,4,3,4,2,2,2,3,2,3,Boost,KB,4.0,600.0,4.0,30.0,5.0
5015,b25_35,GB,High_school,Male,4,3,2,2,4,Meat and Poultry,137,Awesome Slow Cooker Pot Roast,B,9,unhealthy,EvaluateChoices,2,2,4,5,2,1,5,2,1,5,2,Boost,KB,0.0,1000.0,1.0,60.0,10.0
5016,b25_35,GB,BA,Female,4,2,4,1,4,Meat and Poultry,911,BBQ Glazed Homemade Meatballs,D,8,healthy,EvaluateChoices,3,2,2,5,2,4,2,5,5,2,4,Boost,KB,4.0,400.0,3.0,30.0,5.0
5017,b18_24,GB,MSc,Male,3,3,2,2,2,Meat and Poultry,203,World's Best Lasagna,C,10,unhealthy,EvaluateChoices,3,3,3,3,3,4,2,3,2,2,2,Boost,KB,4.0,1000.0,5.0,45.0,5.0
5018,b35_45,GB,High_school,refuse_to_disc,2,4,2,2,4,Meat and Poultry,585,Slow Cooked Corned Beef for Sandwiches,B,8,healthy,EvaluateChoices,5,3,5,4,4,4,2,3,1,5,1,Boost,KB,0.0,1000.0,3.0,60.0,5.0
5019,b45_55,GB,BA,Male,4,5,2,1,4,Seafood Pasta and Noodles,4584,Zippy Summer Shrimp,A,6,healthy,EvaluateChoices,4,4,4,4,2,4,2,2,4,4,2,Boost,KB,4.0,600.0,2.0,30.0,6.0
5020,b35_45,GB,BA,Male,4,2,2,3,4,Seafood Pasta and Noodles,917,Anna's Amazing Easy Pleasy Meatballs over Buttered Noodles,C,9,unhealthy,EvaluateChoices,4,3,4,3,3,2,4,2,1,5,2,Boost,KB,0.0,1000.0,1.0,20.0,5.0
5021,b35_45,GB,BA,Female,4,3,1,2,2,Seafood Pasta and Noodles,384,Fish Tacos,A,5,healthy,EvaluateChoices,3,1,2,5,1,3,1,2,1,5,2,Boost,KB,4.0,650.0,4.0,30.0,8.0
5022,b35_45,GB,High_school,Female,3,3,1,3,3,Meat and Poultry,203,World's Best Lasagna,C,10,unhealthy,EvaluateChoices,3,2,2,5,3,3,3,3,5,5,5,Boost,KB,0.0,200.0,4.0,60.0,7.0
5023,b25_35,GB,BA,Female,4,4,2,2,2,Fruits and Vegetables,1006,Pizza Without the Red Sauce,C,7,healthy,EvaluateChoices,4,4,4,3,3,2,4,2,3,4,3,Boost,KB,4.0,500.0,2.0,60.0,10.0
5024,b45_55,GB,High_school,Female,1,5,3,3,1,Meat and Poultry,725,Linda's Lasagna,B,10,unhealthy,EvaluateChoices,5,4,4,3,4,2,4,1,3,4,2,Boost,KB,0.0,1000.0,2.0,25.0,3.0
5025,b45_55,GB,BA,Female,4,4,2,2,2,Fruits and Vegetables,1185,Cajun Chicken Pasta,C,10,unhealthy,EvaluateChoices,5,4,4,3,3,2,4,2,2,4,2,Boost,KB,4.0,400.0,4.0,30.0,5.0
5026,b45_55,GB,MSc,Male,2,3,2,1,3,Meat and Poultry,650,Slider-Style Mini Burgers,D,8,healthy,EvaluateChoices,4,3,4,4,3,1,4,1,1,5,1,Boost,KB,4.0,700.0,4.0,45.0,7.0
5027,b45_55,GB,High_school,Female,4,4,2,1,3,Fruits and Vegetables,2203,Red Lentil Curry,A,6,healthy,EvaluateChoices,5,3,4,4,3,2,4,1,4,4,3,Boost,KB,4.0,550.0,4.0,60.0,5.0
5028,b45_55,GB,High_school,Female,4,5,2,3,3,Meat and Poultry,203,World's Best Lasagna,C,10,unhealthy,EvaluateChoices,4,4,4,4,5,4,3,5,2,2,2,Boost,KB,4.0,600.0,4.0,50.0,8.0
5029,b45_55,GB,High_school,Female,2,4,3,2,4,Meat and Poultry,911,BBQ Glazed Homemade Meatballs,D,8,healthy,EvaluateChoices,4,4,4,4,3,4,2,2,2,4,2,Boost,KB,0.0,400.0,2.0,20.0,5.0
5030,b35_45,GB,BA,Female,4,4,2,2,3,Meat and Poultry,53,Slow Cooker Ham,D,10,unhealthy,EvaluateChoices,4,4,4,3,4,4,4,2,2,4,4,Boost,KB,4.0,500.0,4.0,60.0,5.0
5031,b35_45,GB,BA,Female,4,4,2,2,2,Fruits and Vegetables,1006,Pizza Without the Red Sauce,C,7,healthy,EvaluateChoices,4,2,3,5,3,1,3,1,5,4,3,Boost,KB,0.0,500.0,1.0,60.0,10.0
5032,b45_55,GB,BA,Male,5,5,2,2,5,Fruits and Vegetables,303,Garden Veggie Pizza Squares,D,8,healthy,EvaluateChoices,4,4,5,4,5,2,4,1,2,5,2,Boost,KB,3.8,500.0,2.0,45.0,6.0
5033,bover_55,GB,MSc,Female,4,4,3,2,3,Meat and Poultry,406,Kalua Pig in a Slow Cooker,B,8,healthy,EvaluateChoices,4,4,4,4,3,2,4,1,1,4,1,Boost,KB,0.0,500.0,2.0,45.0,5.0
5034,b18_24,GB,High_school,Female,3,2,2,2,4,Meat and Poultry,650,Slider-Style Mini Burgers,D,8,healthy,EvaluateChoices,4,2,4,4,3,2,4,2,2,3,2,Boost,KB,4.0,600.0,4.0,60.0,10.0
5035,bover_55,GB,BA,Female,4,3,2,2,3,Meat and Poultry,650,Slider-Style Mini Burgers,D,8,healthy,EvaluateChoices,4,3,4,2,4,2,4,2,1,4,1,Boost,KB,4.0,800.0,1.0,30.0,3.0
5036,b25_35,GB,BA,Female,3,4,2,2,2,Meat and Poultry,911,BBQ Glazed Homemade Meatballs,D,8,healthy,EvaluateChoices,4,4,4,3,3,2,4,2,2,4,2,Boost,KB,0.0,600.0,2.0,30.0,5.0
5037,b35_45,GB,MSc,Female,4,3,2,3,2,Fruits and Vegetables,956,Pizza On The Grill I,C,7,healthy,EvaluateChoices,4,4,4,4,3,2,4,2,2,5,2,Boost,KB,4.0,400.0,4.0,20.0,5.0
5038,b25_35,GB,MSc,refuse_to_disc,2,3,1,2,4,Seafood Pasta and Noodles,384,Fish Tacos,A,5,healthy,EvaluateChoices,4,3,3,4,4,4,1,5,4,4,4,Boost,KB,4.0,600.0,4.0,20.0,8.0
5039,b18_24,GB,High_school,Female,3,4,3,1,3,Meat and Poultry,911,BBQ Glazed Homemade Meatballs,D,8,healthy,EvaluateChoices,4,3,3,3,4,5,2,3,2,5,3,Boost,KB,4.0,430.0,1.0,30.0,7.0
5040,b45_55,GB,BA,Female,4,3,2,1,5,Meat and Poultry,650,Slider-Style Mini Burgers,D,8,healthy,EvaluateChoices,2,3,2,4,3,3,2,2,2,4,2,Boost,KB,0.0,500.0,2.0,45.0,5.0
5041,b45_55,GB,MSc,Female,3,4,2,2,4,Meat and Poultry,75,Angela's Awesome Enchiladas,B,10,unhealthy,EvaluateChoices,4,3,4,4,4,2,3,4,3,2,3,Boost,KB,0.0,300.0,3.0,30.0,5.0
5042,b25_35,GB,BA,Male,4,2,2,2,1,Meat and Poultry,627,Chef John's Italian Meatballs,C,7,healthy,EvaluateChoices,4,5,5,4,4,4,2,1,1,4,2,Boost,KB,0.0,600.0,4.0,60.0,5.0
5043,b45_55,GB,High_school,Male,4,3,1,2,4,Meat and Poultry,457,Manicotti Alla Romana,B,10,unhealthy,EvaluateChoices,4,4,2,1,4,4,2,2,1,4,1,Boost,KB,4.0,400.0,1.0,30.0,4.0
5044,b18_24,GB,BA,refuse_to_disc,2,3,1,1,2,Fruits and Vegetables,93,Taqueria Style Tacos - Carne Asada,A,9,unhealthy,EvaluateChoices,4,4,4,4,3,2,4,2,1,4,1,Boost,KB,0.0,700.0,3.0,60.0,6.0
5045,bover_55,GB,MSc,refuse_to_disc,4,4,2,2,4,Meat and Poultry,352,Easy Herb Roasted Turkey,A,8,healthy,EvaluateChoices,4,4,4,3,2,2,3,2,2,4,2,Boost,KB,4.0,300.0,2.0,30.0,3.0
5046,b35_45,GB,BA,Male,4,5,3,2,3,Meat and Poultry,585,Slow Cooked Corned Beef for Sandwiches,B,8,healthy,EvaluateChoices,5,3,5,3,4,2,4,1,1,4,5,Boost,KB,4.0,500.0,4.0,60.0,8.0
5047,b18_24,GB,High_school,Female,2,4,2,3,3,Fruits and Vegetables,1006,Pizza Without the Red Sauce,C,7,healthy,EvaluateChoices,4,3,4,4,3,5,2,4,2,4,2,Boost,KB,3.8,500.0,2.0,40.0,5.0
5048,b18_24,GB,High_school,Female,4,4,3,2,4,Meat and Poultry,650,Slider-Style Mini Burgers,D,8,healthy,EvaluateChoices,2,2,3,5,2,2,2,2,2,4,2,Boost,KB,4.0,500.0,3.0,30.0,5.0
5049,bover_55,GB,High_school,Female,3,4,2,3,5,Meat and Poultry,650,Slider-Style Mini Burgers,D,8,healthy,EvaluateChoices,4,5,4,3,3,1,4,1,1,4,1,Boost,KB,4.0,450.0,1.0,30.0,5.0
5050,b18_24,GB,BA,Female,4,2,2,2,4,Seafood Pasta and Noodles,154,Szechwan Shrimp,B,6,healthy,EvaluateChoices,4,4,5,3,4,5,3,4,2,5,2,Boost,KB,4.0,750.0,2.0,20.0,4.0
5051,b18_24,GB,High_school,Female,4,3,2,3,3,Fruits and Vegetables,93,Taqueria Style Tacos - Carne Asada,A,9,unhealthy,EvaluateChoices,5,4,4,3,5,1,5,1,1,5,1,Boost,KB,4.0,800.0,2.0,30.0,5.0
5052,b35_45,GB,High_school,Female,3,4,3,2,3,Meat and Poultry,457,Manicotti Alla Romana,B,10,unhealthy,EvaluateChoices,3,3,3,5,2,4,2,3,3,4,3,Boost,KB,4.0,750.0,2.0,30.0,5.0
5053,b18_24,GB,MSc,Female,5,3,3,3,3,Fruits and Vegetables,1553,Spinach and Mushroom Quesadillas,D,8,healthy,EvaluateChoices,5,5,5,4,5,1,5,3,3,4,3,Boost,KB,4.0,1000.0,4.0,60.0,10.0
5054,b25_35,GB,BA,Female,3,2,2,2,4,Barbecue,1391,Chipotle Crusted Pork Tenderloin,B,8,healthy,EvaluateChoices,4,4,4,3,3,2,4,2,2,4,2,Boost,KB,4.0,600.0,4.0,60.0,10.0
5055,b35_45,GB,MSc,Female,3,2,2,2,3,Meat and Poultry,585,Slow Cooked Corned Beef for Sandwiches,B,8,healthy,EvaluateChoices,4,4,4,3,3,2,4,2,3,4,4,Boost,KB,4.0,600.0,4.0,30.0,5.0
5056,b35_45,GB,High_school,Female,4,4,2,2,4,Meat and Poultry,203,World's Best Lasagna,C,10,unhealthy,EvaluateChoices,4,3,4,3,4,2,4,2,2,4,4,Boost,KB,0.0,600.0,2.0,60.0,5.0
5057,b25_35,GB,High_school,Female,4,2,2,2,3,Seafood Pasta and Noodles,4584,Zippy Summer Shrimp,A,6,healthy,EvaluateChoices,5,4,5,2,4,1,5,1,1,5,1,Boost,KB,0.0,500.0,3.0,20.0,5.0
5058,b45_55,GB,High_school,Female,4,4,2,3,3,Meat and Poultry,137,Awesome Slow Cooker Pot Roast,B,9,unhealthy,EvaluateChoices,4,4,4,3,3,2,4,2,2,4,2,Boost,KB,3.8,1000.0,4.0,30.0,10.0
5059,b18_24,GB,BA,Female,4,4,2,1,3,Fruits and Vegetables,303,Garden Veggie Pizza Squares,D,8,healthy,EvaluateChoices,4,4,4,3,4,4,2,4,3,3,4,Boost,KB,4.0,600.0,3.0,45.0,5.0
5060,b25_35,GB,High_school,Female,4,3,3,1,4,Meat and Poultry,585,Slow Cooked Corned Beef for Sandwiches,B,8,healthy,EvaluateChoices,3,3,4,5,3,4,1,3,2,4,2,Boost,KB,0.0,625.0,2.0,60.0,5.0
5061,b35_45,GB,High_school,Male,3,2,1,2,4,Barbecue,3763,Scott Hibb's Amazing Whisky Grilled Baby Back Ribs,B,12,unhealthy,EvaluateChoices,5,4,5,3,4,2,4,1,1,5,1,Boost,KB,4.0,800.0,2.0,60.0,6.0
5062,bover_55,GB,BA,Female,4,4,3,1,3,Fruits and Vegetables,3189,Indian Chicken Curry (Murgh Kari),B,8,healthy,EvaluateChoices,5,4,4,3,4,4,2,2,2,4,4,Boost,KB,0.0,388.0,2.0,40.0,6.0
5063,b25_35,GB,High_school,Female,4,4,2,1,2,Seafood Pasta and Noodles,154,Szechwan Shrimp,B,6,healthy,EvaluateChoices,4,4,4,5,4,2,4,1,1,5,1,Boost,KB,4.0,500.0,2.0,30.0,5.0
5064,b25_35,GB,BA,Female,4,2,3,3,2,Fruits and Vegetables,1307,Black Bean and Rice Enchiladas,A,8,healthy,EvaluateChoices,4,4,4,4,4,3,4,2,2,4,2,Boost,KB,4.0,600.0,4.0,60.0,5.0
5065,b18_24,GB,High_school,Male,4,5,4,5,2,Seafood Pasta and Noodles,3303,Salmon with Brown Sugar Glaze,B,8,healthy,EvaluateChoices,5,4,4,4,5,2,4,1,2,5,2,Boost,KB,4.0,700.0,2.0,60.0,7.0
5066,b45_55,GB,High_school,Female,2,3,2,1,2,Meat and Poultry,2729,Taco Pizza,C,9,unhealthy,EvaluateChoices,4,3,2,3,4,4,2,1,2,3,2,Boost,KB,0.0,750.0,2.0,30.0,5.0
5067,b45_55,GB,MSc,Female,4,4,2,1,4,Fruits and Vegetables,956,Pizza On The Grill I,C,7,healthy,EvaluateChoices,4,3,4,4,3,2,2,1,2,3,2,Boost,KB,4.0,800.0,4.0,30.0,6.0
5068,b45_55,GB,BA,Female,4,5,2,1,4,Fruits and Vegetables,303,Garden Veggie Pizza Squares,D,8,healthy,EvaluateChoices,2,2,2,5,2,4,2,3,3,4,3,Boost,KB,0.0,400.0,4.0,30.0,7.0
5069,bover_55,GB,High_school,Female,3,4,2,3,4,Meat and Poultry,627,Chef John's Italian Meatballs,C,7,healthy,EvaluateChoices,4,3,3,4,3,4,2,1,3,5,2,Boost,KB,4.0,300.0,2.0,30.0,6.0
5070,bover_55,GB,BA,Female,4,5,3,2,4,Meat and Poultry,585,Slow Cooked Corned Beef for Sandwiches,B,8,healthy,EvaluateChoices,3,3,2,4,3,4,1,2,2,4,2,Boost,KB,0.0,750.0,2.0,60.0,6.0
5071,b25_35,GB,BA,Female,3,3,3,3,3,Fruits and Vegetables,293,Garlic Prime Rib,C,9,unhealthy,EvaluateChoices,4,4,4,4,4,1,4,2,1,3,1,Boost,KB,4.0,800.0,4.0,60.0,10.0
5072,b45_55,GB,High_school,Male,4,4,2,2,4,Meat and Poultry,650,Slider-Style Mini Burgers,D,8,healthy,EvaluateChoices,4,4,4,4,4,4,2,2,2,4,2,Boost,KB,4.0,614.0,3.0,36.0,7.0
