person,age,country,education,diet_restriction,diet_goal,cooking_exp,eating_habits,gender,category,recipe_name,healthiness,Nutri_score,fsa_score,SValue_Nor,Slabel,recommend_recipe,become_favorite,enjoy_eating,many_to_choose,easy_choice,choice_overwhelming,condition
4,b35_45,US,BA,['No dietary restrictions'],['No goals'],Low,Unhealthy,Male,Meat and Poultry,Ray's Chicken,healthy,D,8,0.179762626,High,Neutral,Neutral,Agree,Disagree,Neutral,Disagree,No label
5,b25_35,US,High_school,['No dietary restrictions'],"['Eat less salt', 'Eat less sugar', 'Eat more fruit', 'Eat more protein', 'Eat more vegetables']",Medium,Neither_healthy_no_unhealthy,Male,Meat and Poultry,Sarge's EZ Pulled Pork BBQ,healthy,A,7,0.10009697,High,Strongly_Agree,Strongly_Agree,Strongly_Agree,Agree,Agree,Strongly_Agree,No label
6,b35_45,US,BA,['No dietary restrictions'],['Lose weight'],Low,Neither_healthy_no_unhealthy,Male,Meat and Poultry,Bow Ties with Sausage' Tomatoes and Cream,unhealthy,C,10,0.146357026,High,Neutral,Strongly_Agree,Strongly_Agree,Disagree,Agree,Strongly_Disagree,No label
7,b25_35,US,High_school,['No dietary restrictions'],['No goals'],High,Neither_healthy_no_unhealthy,Male,Barbecue,Scott Hibb's Amazing Whisky Grilled Baby Back Ribs,unhealthy,B,12,0.221027799,Medium,Agree,Agree,Strongly_Agree,Strongly_Disagree,Strongly_Agree,Strongly_Disagree,No label
9,b25_35,US,BA,['No dietary restrictions'],['Eat more fruit'],High,Healthy,Female,Fruits and Vegetables,Pizza Without the Red Sauce,healthy,C,7,0.56040592,Low,Agree,Strongly_Agree,Strongly_Agree,Agree,Agree,Strongly_Agree,No label
10,b35_45,US,BA,['No dietary restrictions'],"['Eat less salt', 'Eat less sugar', 'Eat more vegetables']",High,Healthy,Male,Fruits and Vegetables,Cajun Chicken Pasta,unhealthy,C,10,0.511236999,Low,Agree,Agree,Agree,Disagree,Agree,Strongly_Disagree,No label
11,b45_55,US,BA,['No dietary restrictions'],['Lose weight'],Medium,Healthy,Female,Fruits and Vegetables,California Grilled Veggie Sandwich,healthy,B,8,0.271121078,Medium,Agree,Agree,Strongly_Agree,Disagree,Agree,Disagree,No label
13,b18_24,US,BA,['Vegetarian'],"['Eat more fruit', 'Eat more protein', 'Eat more vegetables']",High,Healthy,Female,Fruits and Vegetables,Coconut Shrimp I,healthy,A,7,0.191959552,Medium,Agree,Strongly_Agree,Agree,Strongly_Agree,Agree,Strongly_Agree,No label
14,bover_55,US,BA,['No dietary restrictions'],"['Eat less salt', 'Eat more fruit', 'Eat more vegetables', 'Lose weight']",High,Neither_healthy_no_unhealthy,Male,Meat and Poultry,Chipotle Shrimp Tacos,healthy,A,7,0.173059234,High,Strongly_Agree,Agree,Agree,Disagree,Strongly_Agree,Disagree,No label
16,bover_55,US,BA,['No dietary restrictions'],['Eat more vegetables'],Medium,Neither_healthy_no_unhealthy,Female,Seafood Pasta and Noodles,Margarita Grilled Shrimp,healthy,A,6,0.131352474,High,Neutral,Agree,Agree,Agree,Disagree,Neutral,No label
19,b25_35,US,High_school,"['Halal', ' Lactose intolerance', ' Vegetarian']","['Eat less salt', 'Eat more fruit', 'Eat more vegetables']",High,Healthy,Male,Fruits and Vegetables,Bacon Jack Chicken Sandwich,unhealthy,B,10,0.338754507,Medium,Agree,Agree,Strongly_Agree,Neutral,Agree,Agree,No label
22,b45_55,US,BA,['Diabetes'],['Lose weight'],Medium,Healthy,Male,Fruits and Vegetables,Simple Carnitas,healthy,D,8,0.137166994,High,Agree,Strongly_Agree,Agree,Agree,Agree,Strongly_Agree,No label
23,bover_55,US,MSc,['No dietary restrictions'],['Lose weight'],Medium,Neither_healthy_no_unhealthy,Male,Meat and Poultry,G's Flank Steak Marinade,healthy,D,8,0.386426398,Low,Agree,Agree,Strongly_Agree,Neutral,Agree,Disagree,No label
24,b25_35,US,BA,['No dietary restrictions'],['No goals'],Medium,Neither_healthy_no_unhealthy,Male,Meat and Poultry,Foolproof Rib Roast,unhealthy,B,10,0.30055553,Medium,Neutral,Disagree,Neutral,Strongly_Disagree,Agree,Disagree,No label
25,b45_55,US,High_school,"['Diabetes', ' Lactose intolerance']",['Eat less sugar'],High,Healthy,Female,Fruits and Vegetables,Chicken Asparagus Roll-Ups,unhealthy,C,10,0.27025886,Medium,Disagree,Strongly_Agree,Strongly_Agree,Agree,Disagree,Strongly_Agree,No label
26,b18_24,US,MSc,['Vegetarian'],['Eat less sugar'],Very_Low,Very_Healthy,Female,Fruits and Vegetables,Spinach and Feta Turkey Burgers,healthy,A,7,0.207379914,Medium,Strongly_Agree,Strongly_Agree,Agree,Strongly_Disagree,Strongly_Disagree,Strongly_Disagree,No label
53,b45_55,US,MSc,"['Lactose intolerance', ' Pescatarian', ' Vegetarian']","['Eat more fruit', 'Eat more protein', 'Eat more vegetables']",High,Healthy,Male,Fruits and Vegetables,Goat Cheese and Spinach Turkey Burgers,healthy,A,6,0.16557196,High,Agree,Neutral,Agree,Agree,Neutral,Agree,No label
55,b25_35,US,BA,['No dietary restrictions'],['No goals'],Very High,Very_Healthy,Male,Seafood Pasta and Noodles,Marinated Grilled Shrimp,healthy,A,6,0.129498689,High,Strongly_Agree,Agree,Strongly_Agree,Strongly_Agree,Agree,Strongly_Agree,No label
56,b45_55,US,MSc,['No dietary restrictions'],"['Eat more fruit', 'Eat more protein', 'Eat more vegetables']",Medium,Neither_healthy_no_unhealthy,Female,Fruits and Vegetables,Italian Subs - Restaurant Style,unhealthy,D,10,0.35244794,Medium,Neutral,Agree,Neutral,Neutral,Neutral,Neutral,No label
57,b45_55,US,MSc,"['Gluten free', ' Halal', ' Pescatarian']","['Eat more fruit', 'Eat more vegetables']",High,Healthy,Female,Fruits and Vegetables,Simple Carnitas,healthy,D,8,0.137166994,High,Agree,Neutral,Agree,Agree,Strongly_Agree,Agree,No label
58,b45_55,US,BA,['No dietary restrictions'],"['Eat less salt', 'Eat more fruit', 'Eat more vegetables', 'Lose weight']",Medium,Very_Healthy,Male,Fruits and Vegetables,Hearty Vegetable Lasagna,unhealthy,B,9,0.412804044,Low,Agree,Agree,Strongly_Agree,Agree,Disagree,Agree,No label
59,b45_55,AX,MSc,"['Diabetes', ' Gluten free', ' Halal', ' Kosher', ' Pescatarian', ' Vegetarian']","['Eat less salt', 'Eat less sugar', 'Eat more protein', 'Gain weight']",Low,Unhealthy,Female,Fruits and Vegetables,Farmer's Market Vegetarian Quesadillas,healthy,A,7,0.196658802,Medium,Agree,Agree,Agree,Agree,Strongly_Agree,Agree,No label
60,b45_55,US,MSc,['No dietary restrictions'],['Lose weight'],Medium,Healthy,Female,Seafood Pasta and Noodles,Marinated Grilled Shrimp,healthy,A,6,0.129498689,High,Agree,Agree,Agree,Disagree,Agree,Disagree,No label
61,b45_55,US,BA,['No dietary restrictions'],['No goals'],High,Healthy,Male,Meat and Poultry,Dee's Roast Pork for Tacos,healthy,B,7,0.11919831,High,Strongly_Agree,Agree,Strongly_Agree,Agree,Neutral,Agree,No label
62,b45_55,US,BA,['Vegetarian'],"['Eat less salt', 'Eat less sugar', 'Eat more fruit', 'Eat more protein', 'Eat more vegetables', 'Lose weight']",Very High,Healthy,Male,Meat and Poultry,Souvlaki,healthy,A,6,0.197794748,Medium,Agree,Strongly_Agree,Agree,Agree,Neutral,Strongly_Agree,No label
63,b35_45,US,BA,['No dietary restrictions'],"['Eat less sugar', 'Eat more vegetables']",High,Healthy,Female,Fruits and Vegetables,Jalapeno Chicken II,unhealthy,C,10,0.252882203,Medium,Agree,Agree,Agree,Disagree,Agree,Strongly_Disagree,No label
65,b35_45,US,BA,"['Gluten free', ' Vegetarian']","['Eat less sugar', 'Eat more fruit', 'Eat more protein', 'Eat more vegetables']",High,Very_Healthy,Male,Fruits and Vegetables,Farmer's Market Vegetarian Quesadillas,healthy,A,7,0.196658802,Medium,Strongly_Agree,Agree,Strongly_Agree,Disagree,Strongly_Agree,Strongly_Agree,No label
66,b45_55,US,BA,['Vegetarian'],['Eat less sugar'],High,Healthy,Female,Fruits and Vegetables,Garden Veggie Pizza Squares,healthy,D,8,0.132723793,High,Agree,Neutral,Agree,Neutral,Strongly_Agree,Agree,No label
67,b45_55,US,MSc,"['No dietary restrictions', ' Gluten free', ' Kosher']","['Eat less sugar', 'Eat more protein']",Medium,Healthy,Female,Meat and Poultry,Kickin' London Broil with Bleu Cheese Butter,healthy,B,8,0.690292356,Low,Neutral,Agree,Neutral,Agree,Agree,Strongly_Agree,No label
69,b45_55,US,MSc,"['Lactose intolerance', ' Pescatarian', ' Vegetarian']","['Eat more fruit', 'Eat more protein', 'Eat more vegetables']",High,Very_Healthy,Female,Fruits and Vegetables,Cajun Chicken Pasta,unhealthy,C,10,0.511236999,Low,Agree,Agree,Strongly_Agree,Agree,Agree,Strongly_Agree,No label
72,b45_55,US,BA,"['Gluten free', ' Halal', ' Kosher', ' Vegetarian']","['Eat less sugar', 'Eat more fruit', 'Eat more protein']",High,Healthy,Female,Meat and Poultry,Italian Subs - Restaurant Style,unhealthy,D,10,0.35244794,Medium,Agree,Strongly_Agree,Neutral,Agree,Strongly_Agree,Strongly_Agree,No label
73,b25_35,US,BA,['Vegetarian'],"['Eat more fruit', 'Eat more protein', 'Eat more vegetables']",High,Very_Healthy,Male,Fruits and Vegetables,Grilled Sausage with Potatoes and Green Beans,unhealthy,D,10,0.287695638,Medium,Agree,Agree,Agree,Neutral,Agree,Neutral,No label
75,b45_55,US,MSc,['Lactose intolerance'],['Eat more fruit'],Medium,Neither_healthy_no_unhealthy,Female,Meat and Poultry,Baked Teriyaki Chicken,healthy,C,8,0.097205404,High,Agree,Neutral,Agree,Neutral,Agree,Neutral,No label
76,b45_55,US,MSc,"['Pescatarian', ' Vegetarian']","['Eat more fruit', 'Eat more protein', 'Eat more vegetables']",High,Very_Healthy,Male,Meat and Poultry,Juicy Lucy Burgers,unhealthy,D,10,0.391753512,Low,Agree,Strongly_Agree,Agree,Agree,Agree,Strongly_Agree,No label
77,b45_55,US,MSc,['Diabetes'],"['Eat less salt', 'Eat less sugar']",Medium,Healthy,Male,Fruits and Vegetables,Charley's Slow Cooker Mexican Style Meat,healthy,B,8,0.088227962,High,Agree,Agree,Strongly_Agree,Neutral,Neutral,Disagree,No label
78,b45_55,US,MSc,['Diabetes'],"['Eat less salt', 'Eat less sugar']",Medium,Healthy,Female,Fruits and Vegetables,Spinach Cheese Manicotti,unhealthy,B,9,0.326735473,Medium,Agree,Agree,Agree,Agree,Agree,Agree,No label
79,b35_45,US,BA,['Vegetarian'],['Lose weight'],High,Very_Healthy,Female,Fruits and Vegetables,Simple Carnitas,healthy,D,8,0.137166994,High,Strongly_Agree,Strongly_Agree,Strongly_Agree,Strongly_Agree,Strongly_Agree,Strongly_Agree,No label
80,b45_55,US,BA,['Diabetes'],['No goals'],Medium,Neither_healthy_no_unhealthy,Male,Meat and Poultry,Roast Sticky Chicken-Rotisserie Style,unhealthy,B,10,0.096423816,High,Agree,Strongly_Agree,Neutral,Agree,Neutral,Agree,No label
81,b35_45,US,BA,['Vegetarian'],['Eat more fruit'],High,Healthy,Male,Fruits and Vegetables,Kathy's Roast and Vegetables,healthy,A,7,0.37981674,Low,Neutral,Agree,Agree,Neutral,Agree,Agree,No label
82,b25_35,US,BA,"['Gluten free', ' Vegetarian']",['Gain weight'],High,Healthy,Female,Fruits and Vegetables,Spinach and Feta Turkey Burgers,healthy,A,7,0.207379914,Medium,Neutral,Agree,Agree,Agree,Strongly_Agree,Agree,No label
83,b45_55,US,MSc,"['Lactose intolerance', ' Vegetarian']","['Eat less sugar', 'Eat more fruit', 'Eat more protein', 'Eat more vegetables']",Medium,Neither_healthy_no_unhealthy,Female,Fruits and Vegetables,Tomato Bacon Grilled Cheese,unhealthy,E,10,0.402008191,Low,Neutral,Agree,Neutral,Agree,Agree,Strongly_Agree,No label
84,b25_35,US,BA,['Diabetes'],['No goals'],High,Neither_healthy_no_unhealthy,Female,Meat and Poultry,Easy Herb Roasted Turkey,healthy,A,8,0.131328601,High,Agree,Strongly_Agree,Agree,Agree,Neutral,Agree,No label
85,b25_35,US,MSc,['Vegetarian'],['Eat more fruit'],Very High,Very_Healthy,Male,Fruits and Vegetables,Pizza On The Grill I,healthy,C,7,0.240301113,Medium,Strongly_Agree,Strongly_Agree,Strongly_Agree,Agree,Agree,Agree,No label
86,b45_55,US,MSc,"['Pescatarian', ' Vegetarian']","['Eat more fruit', 'Eat more protein', 'Eat more vegetables']",High,Very_Healthy,Female,Fruits and Vegetables,Spinach and Feta Turkey Burgers,healthy,A,7,0.207379914,Medium,Agree,Agree,Strongly_Agree,Neutral,Agree,Agree,No label
87,b35_45,US,High_school,['No dietary restrictions'],"['Eat more protein', 'Eat more vegetables']",Medium,Unhealthy,Male,Meat and Poultry,Kickin' London Broil with Bleu Cheese Butter,healthy,B,8,0.690292356,Low,Agree,Neutral,Agree,Disagree,Neutral,Disagree,No label
89,b45_55,US,BA,"['Halal', ' Kosher', ' Lactose intolerance', ' Pescatarian']","['Eat more fruit', 'Eat more protein']",High,Very_Healthy,Female,Meat and Poultry,Italian Subs - Restaurant Style,unhealthy,D,10,0.35244794,Medium,Neutral,Agree,Strongly_Agree,Strongly_Agree,Neutral,Agree,No label
90,b45_55,US,MSc,"['Lactose intolerance', ' Pescatarian', ' Vegetarian']","['Eat more fruit', 'Eat more protein', 'Eat more vegetables']",High,Healthy,Male,Fruits and Vegetables,Grilled Tilapia with Mango Salsa,healthy,A,8,0.118788429,High,Agree,Neutral,Agree,Agree,Neutral,Agree,No label
91,b35_45,US,BA,['No dietary restrictions'],"['Eat more fruit', 'Eat more protein', 'Eat more vegetables']",Medium,Healthy,Male,Meat and Poultry,Chicken Marsala Florentine,unhealthy,C,9,0.447204929,Low,Agree,Agree,Agree,Agree,Neutral,Agree,No label
92,b25_35,US,BA,['No dietary restrictions'],['No goals'],Low,Neither_healthy_no_unhealthy,Male,Meat and Poultry,Foolproof Rib Roast,unhealthy,B,10,0.30055553,Medium,Strongly_Agree,Strongly_Agree,Strongly_Agree,Strongly_Disagree,Strongly_Agree,Strongly_Disagree,No label
93,b35_45,US,MSc,"['Lactose intolerance', ' Pescatarian']","['Eat less salt', 'Eat more fruit', 'Eat more vegetables']",High,Healthy,Female,Meat and Poultry,Simple Carnitas,healthy,D,8,0.137166994,High,Agree,Disagree,Neutral,Agree,Agree,Strongly_Agree,No label
94,b35_45,US,BA,['Diabetes'],['Eat less sugar'],Medium,Healthy,Male,Meat and Poultry,Crispy Fried Chicken,healthy,A,6,0.378483013,Low,Strongly_Agree,Neutral,Agree,Agree,Strongly_Agree,Strongly_Agree,No label
96,b25_35,US,BA,"['Diabetes', ' Lactose intolerance', ' Pescatarian']","['Eat less salt', 'Eat less sugar', 'Eat more fruit', 'Eat more protein', 'Eat more vegetables']",High,Healthy,Female,Fruits and Vegetables,Bacon Jack Chicken Sandwich,unhealthy,B,10,0.338754507,Medium,Agree,Agree,Strongly_Agree,Strongly_Agree,Agree,Strongly_Agree,No label
99,b45_55,US,MSc,['Diabetes'],"['Eat less salt', 'Eat less sugar']",High,Healthy,Male,Meat and Poultry,Kickin' London Broil with Bleu Cheese Butter,healthy,B,8,0.690292356,Low,Agree,Strongly_Agree,Agree,Agree,Neutral,Disagree,No label
100,b35_45,US,BA,['No dietary restrictions'],['No goals'],Medium,Healthy,Male,Seafood Pasta and Noodles,Spinach Tomato Tortellini,unhealthy,C,9,0.276203942,Medium,Strongly_Agree,Agree,Strongly_Agree,Strongly_Disagree,Strongly_Agree,Strongly_Disagree,No label
105,b25_35,US,BA,['No dietary restrictions'],['No goals'],Medium,Healthy,Male,Meat and Poultry,Beer Butt Chicken,unhealthy,D,10,0.314341207,Medium,Strongly_Agree,Strongly_Agree,Strongly_Agree,Disagree,Agree,Strongly_Disagree,No label
109,b45_55,US,MSc,['Diabetes'],"['Eat less salt', 'Eat less sugar']",High,Healthy,Male,Meat and Poultry,G's Flank Steak Marinade,healthy,D,8,0.386426398,Low,Strongly_Agree,Agree,Agree,Agree,Neutral,Disagree,No label
114,b35_45,US,BA,['No dietary restrictions'],"['Eat more fruit', 'Eat more protein', 'Eat more vegetables']",High,Very_Healthy,Male,Fruits and Vegetables,Queenie's Killer Tomato Bagel Sandwich,healthy,B,8,0.095444274,High,Strongly_Disagree,Strongly_Disagree,Strongly_Disagree,Strongly_Disagree,Strongly_Agree,Neutral,No label
115,b45_55,US,MSc,['Kosher'],['Eat more protein'],Medium,Healthy,Female,Meat and Poultry,Teena's Spicy Pesto Chicken and Pasta,healthy,A,7,0.262395373,Medium,Agree,Neutral,Agree,Agree,Neutral,Agree,No label
118,b25_35,US,BA,['Vegetarian'],"['Eat less salt', 'Eat less sugar', 'Eat more protein', 'Eat more vegetables']",Medium,Healthy,Male,Seafood Pasta and Noodles,Three Cheese Manicotti II,unhealthy,C,11,0.315844558,Medium,Agree,Agree,Agree,Strongly_Agree,Agree,Strongly_Agree,No label
119,b45_55,US,MSc,"['Lactose intolerance', ' Pescatarian', ' Vegetarian']","['Eat more fruit', 'Eat more protein', 'Eat more vegetables']",High,Healthy,Female,Fruits and Vegetables,Pizza On The Grill I,healthy,C,7,0.240301113,Medium,Agree,Neutral,Agree,Neutral,Agree,Neutral,No label
120,b45_55,US,MSc,['No dietary restrictions'],"['Eat more fruit', 'Eat more protein', 'Eat more vegetables', 'Gain weight']",Medium,Healthy,Female,Fruits and Vegetables,Bacon Jack Chicken Sandwich,unhealthy,B,10,0.338754507,Medium,Neutral,Agree,Neutral,Neutral,Agree,Neutral,No label
121,b35_45,US,BA,['Diabetes'],"['Eat less salt', 'Eat less sugar']",Medium,Healthy,Male,Fruits and Vegetables,Spinach and Feta Turkey Burgers,healthy,A,7,0.207379914,Medium,Agree,Agree,Strongly_Agree,Disagree,Strongly_Agree,Neutral,No label
122,b25_35,US,BA,"['Kosher', ' Lactose intolerance', ' Vegetarian']","['Eat less sugar', 'Eat more fruit', 'Eat more vegetables']",Medium,Neither_healthy_no_unhealthy,Male,Fruits and Vegetables,Mama's Best Broiled Tomato Sandwich,unhealthy,A,9,0.228262331,Medium,Agree,Neutral,Agree,Disagree,Agree,Neutral,No label
123,b25_35,US,High_school,['No dietary restrictions'],['No goals'],Low,Neither_healthy_no_unhealthy,Male,Meat and Poultry,Garlic Prime Rib,unhealthy,C,9,0.057800934,High,Strongly_Agree,Strongly_Agree,Strongly_Agree,Strongly_Disagree,Strongly_Agree,Strongly_Disagree,No label
124,b25_35,US,BA,['Diabetes'],['Eat more protein'],Medium,Very_Healthy,Male,Seafood Pasta and Noodles,Linguine Pasta with Shrimp and Tomatoes,healthy,A,5,0.362947204,Medium,Agree,Strongly_Agree,Agree,Neutral,Disagree,Neutral,No label
125,b25_35,US,BA,['Pescatarian'],['Eat more fruit'],High,Very_Healthy,Female,Fruits and Vegetables,California Grilled Veggie Sandwich,healthy,B,8,0.271121078,Medium,Agree,Strongly_Disagree,Strongly_Disagree,Agree,Strongly_Agree,Agree,No label
126,b35_45,US,BA,['No dietary restrictions'],"['Eat less salt', 'Eat less sugar', 'Eat more fruit', 'Eat more protein', 'Eat more vegetables']",High,Neither_healthy_no_unhealthy,Male,Barbecue,Shoyu Chicken,healthy,C,8,0.114824522,High,Neutral,Agree,Agree,Disagree,Neutral,Disagree,No label
127,b45_55,US,MSc,['No dietary restrictions'],"['Eat less sugar', 'Eat more fruit', 'Eat more protein']",Medium,Neither_healthy_no_unhealthy,Female,Fruits and Vegetables,Spinach and Feta Turkey Burgers,healthy,A,7,0.207379914,Medium,Neutral,Agree,Neutral,Neutral,Agree,Neutral,No label
128,b25_35,US,BA,"['Diabetes', ' Kosher', ' Lactose intolerance', ' Pescatarian']","['Eat less salt', 'Eat less sugar', 'Eat more fruit', 'Eat more protein', 'Eat more vegetables']",Very High,Healthy,Female,Fruits and Vegetables,Grilled Marinated Shrimp,unhealthy,C,9,0.164965879,High,Strongly_Agree,Strongly_Agree,Agree,Strongly_Agree,Agree,Agree,No label
129,b25_35,US,BA,['Vegetarian'],"['Eat less sugar', 'Eat more fruit', 'Eat more vegetables']",High,Very_Healthy,Male,Fruits and Vegetables,California Grilled Veggie Sandwich,healthy,B,8,0.271121078,Medium,Agree,Agree,Agree,Strongly_Disagree,Agree,Disagree,No label
130,b25_35,US,BA,"['Kosher', ' Lactose intolerance']","['Eat less sugar', 'Eat more fruit']",High,Healthy,Male,Meat and Poultry,G's Flank Steak Marinade,healthy,D,8,0.386426398,Low,Agree,Strongly_Agree,Agree,Agree,Strongly_Agree,Agree,No label
131,b45_55,US,MSc,['No dietary restrictions'],"['Eat more fruit', 'Eat more protein', 'Eat more vegetables', 'Gain weight']",Medium,Neither_healthy_no_unhealthy,Female,Fruits and Vegetables,Charley's Slow Cooker Mexican Style Meat,healthy,B,8,0.088227962,High,Neutral,Agree,Neutral,Neutral,Agree,Neutral,No label
132,b25_35,US,BA,"['Diabetes', ' Gluten free']","['Eat less sugar', 'Eat more fruit']",High,Healthy,Male,Fruits and Vegetables,Grilled Sausage with Potatoes and Green Beans,unhealthy,D,10,0.287695638,Medium,Agree,Strongly_Agree,Agree,Agree,Strongly_Agree,Strongly_Agree,No label
133,b25_35,US,BA,['No dietary restrictions'],['No goals'],High,Healthy,Male,Meat and Poultry,Sloppy Joes II,healthy,B,8,0.333741743,Medium,Agree,Strongly_Agree,Agree,Agree,Strongly_Agree,Agree,No label
134,b25_35,US,BA,['Vegetarian'],['Eat more vegetables'],Medium,Very_Healthy,Female,Fruits and Vegetables,Sausage' Peppers' Onions' and Potato Bake,unhealthy,A,10,0.152794512,High,Neutral,Agree,Neutral,Agree,Neutral,Strongly_Agree,No label
135,b25_35,US,BA,"['Halal', ' Kosher', ' Lactose intolerance']","['Eat more protein', 'Eat more vegetables']",Medium,Healthy,Male,Seafood Pasta and Noodles,Champagne Shrimp and Pasta,healthy,B,8,0.396207932,Low,Strongly_Agree,Agree,Strongly_Agree,Neutral,Disagree,Agree,No label
136,b45_55,US,MSc,['Vegetarian'],['No goals'],High,Healthy,Male,Fruits and Vegetables,Italian Subs - Restaurant Style,unhealthy,D,10,0.35244794,Medium,Agree,Strongly_Agree,Strongly_Agree,Neutral,Agree,Neutral,No label
137,b25_35,US,MSc,['Vegetarian'],['Eat more fruit'],High,Very_Healthy,Male,Fruits and Vegetables,Queenie's Killer Tomato Bagel Sandwich,healthy,B,8,0.095444274,High,Agree,Strongly_Agree,Agree,Agree,Strongly_Agree,Agree,No label
138,b45_55,US,MSc,['No dietary restrictions'],"['Eat more fruit', 'Eat more protein', 'Eat more vegetables', 'Gain weight']",Medium,Neither_healthy_no_unhealthy,Female,Fruits and Vegetables,Chicken Asparagus Roll-Ups,unhealthy,C,10,0.27025886,Medium,Neutral,Agree,Neutral,Neutral,Agree,Neutral,No label
139,b25_35,US,BA,['No dietary restrictions'],['Eat more protein'],High,Very_Healthy,Male,Meat and Poultry,Kickin' London Broil with Bleu Cheese Butter,healthy,B,8,0.690292356,Low,Agree,Strongly_Agree,Agree,Agree,Strongly_Agree,Strongly_Agree,No label
140,b35_45,US,BA,['No dietary restrictions'],['No goals'],Low,Neither_healthy_no_unhealthy,Male,Meat and Poultry,Bacon Jack Chicken Sandwich,unhealthy,B,10,0.338754507,Medium,Neutral,Agree,Agree,Disagree,Agree,Disagree,No label
141,b35_45,US,MSc,"['Diabetes', ' Vegetarian']","['Eat less sugar', 'Eat more protein']",High,Healthy,Female,Fruits and Vegetables,Simple Carnitas,healthy,D,8,0.137166994,High,Strongly_Agree,Strongly_Agree,Strongly_Agree,Neutral,Agree,Agree,No label
142,b35_45,US,High_school,['No dietary restrictions'],"['Eat less salt', 'Eat less sugar', 'Gain weight']",Low,Healthy,Male,Fruits and Vegetables,Simple Carnitas,healthy,D,8,0.137166994,High,Agree,Neutral,Agree,Disagree,Agree,Disagree,No label
143,b25_35,US,High_school,['No dietary restrictions'],['No goals'],Medium,Healthy,Male,Meat and Poultry,Charley's Slow Cooker Mexican Style Meat,healthy,B,8,0.088227962,High,Neutral,Neutral,Agree,Strongly_Disagree,Strongly_Agree,Strongly_Disagree,No label
144,b45_55,US,BA,['Diabetes'],['No goals'],High,Very_Healthy,Female,Fruits and Vegetables,Queenie's Killer Tomato Bagel Sandwich,healthy,B,8,0.095444274,High,Agree,Strongly_Agree,Agree,Agree,Agree,Strongly_Agree,No label
145,b25_35,US,BA,['Vegetarian'],['Eat less sugar'],High,Healthy,Female,Fruits and Vegetables,Queenie's Killer Tomato Bagel Sandwich,healthy,B,8,0.095444274,High,Strongly_Agree,Agree,Agree,Agree,Strongly_Agree,Disagree,No label
146,b25_35,US,BA,['Vegetarian'],['Eat more fruit'],Medium,Very_Healthy,Female,Fruits and Vegetables,Pico de Gallo Chicken Quesadillas,unhealthy,B,10,0.348773773,Medium,Neutral,Agree,Neutral,Agree,Strongly_Agree,Agree,No label
147,bover_55,US,BA,['No dietary restrictions'],['Lose weight'],Medium,Healthy,Female,Meat and Poultry,Slow Cooker Cilantro Lime Chicken,healthy,A,6,0.08028519,High,Agree,Agree,Strongly_Agree,Agree,Disagree,Agree,No label
148,b25_35,US,BA,"['Halal', ' Kosher', ' Vegetarian']","['Eat less sugar', 'Eat more fruit', 'Eat more protein']",High,Healthy,Female,Meat and Poultry,Soul Smothered Chicken,unhealthy,B,10,0.331178529,Medium,Agree,Neutral,Agree,Agree,Neutral,Agree,No label
149,b35_45,US,BA,['Pescatarian'],['Eat more fruit'],High,Healthy,Female,Seafood Pasta and Noodles,Marinated Grilled Shrimp,healthy,A,6,0.129498689,High,Agree,Strongly_Agree,Agree,Strongly_Agree,Strongly_Agree,Agree,No label
150,b18_24,US,BA,['Vegetarian'],"['Eat more fruit', 'Eat more protein', 'Gain weight']",Medium,Neither_healthy_no_unhealthy,Male,Fruits and Vegetables,Grilled Tilapia with Mango Salsa,healthy,A,8,0.118788429,High,Agree,Agree,Strongly_Agree,Agree,Agree,Strongly_Agree,No label
151,b45_55,US,MSc,['Vegetarian'],['No goals'],High,Very_Healthy,Female,Seafood Pasta and Noodles,Firecracker Grilled Alaska Salmon,healthy,C,8,0.147805572,High,Strongly_Agree,Strongly_Agree,Strongly_Agree,Agree,Strongly_Agree,Strongly_Agree,No label
152,b45_55,US,High_school,['No dietary restrictions'],['No goals'],High,Healthy,Male,Fruits and Vegetables,Queenie's Killer Tomato Bagel Sandwich,healthy,B,8,0.095444274,High,Neutral,Neutral,Agree,Agree,Disagree,Strongly_Disagree,No label
153,b25_35,US,MSc,['Vegetarian'],"['Eat more fruit', 'Eat more protein', 'Eat more vegetables']",High,Healthy,Male,Fruits and Vegetables,Italian Sausage' Peppers' and Onions,unhealthy,D,10,0.267204815,Medium,Strongly_Agree,Agree,Strongly_Agree,Strongly_Agree,Strongly_Agree,Neutral,No label
154,b25_35,US,BA,['No dietary restrictions'],['No goals'],High,Neither_healthy_no_unhealthy,Male,Fruits and Vegetables,Linguine Pasta with Shrimp and Tomatoes,healthy,A,5,0.362947204,Medium,Strongly_Agree,Agree,Agree,Disagree,Agree,Disagree,No label
155,b45_55,US,High_school,['No dietary restrictions'],['No goals'],Low,Neither_healthy_no_unhealthy,Female,Seafood Pasta and Noodles,Stuffed Shells III,unhealthy,C,10,0.33998259,Medium,Agree,Agree,Strongly_Agree,Disagree,Neutral,Disagree,No label
156,b25_35,US,High_school,['No dietary restrictions'],['No goals'],Medium,Healthy,Male,Seafood Pasta and Noodles,Best Tuna Melt (New Jersey Diner Style),unhealthy,C,10,0.225089158,Medium,Neutral,Agree,Agree,Disagree,Agree,Disagree,No label
157,bover_55,US,High_school,['Vegetarian'],['No goals'],Medium,Healthy,Male,Fruits and Vegetables,Queenie's Killer Tomato Bagel Sandwich,healthy,B,8,0.095444274,High,Neutral,Neutral,Agree,Disagree,Agree,Strongly_Disagree,No label
158,bover_55,US,High_school,['No dietary restrictions'],['No goals'],Medium,Healthy,Female,Fruits and Vegetables,Spinach Quiche,unhealthy,D,10,0.37748236,Low,Disagree,Disagree,Agree,Strongly_Disagree,Agree,Strongly_Disagree,No label
159,b25_35,US,MSc,['Diabetes'],['Eat more vegetables'],High,Healthy,Male,Fruits and Vegetables,Sausage' Peppers' Onions' and Potato Bake,unhealthy,A,10,0.152794512,High,Neutral,Agree,Strongly_Agree,Neutral,Agree,Neutral,No label
2013,b18_24,AL,BA,"['No dietary restrictions', ' Gluten free']",['Lose weight'],Very_Low,Unhealthy,Female,Fruits and Vegetables,Pizza On The Grill I,healthy,C,7,0.240301113,Medium,Neutral,Neutral,Neutral,Neutral,Neutral,Neutral,Env label
2014,under_18,AF,High_school,['Diabetes'],['No goals'],Very_Low,Very_unhealthy,Male,Fruits and Vegetables,Mama's Best Broiled Tomato Sandwich,unhealthy,A,9,0.228262331,Medium,Disagree,Disagree,Strongly_Disagree,Disagree,Disagree,Disagree,Env label
2015,b25_35,US,BA,['No dietary restrictions'],['No goals'],Medium,Healthy,Male,Barbecue,Chicken Souvlaki Gyro Style,unhealthy,C,10,0.391838039,Low,Agree,Neutral,Agree,Agree,Neutral,Disagree,Env label
2016,bover_55,US,BA,['No dietary restrictions'],"['Eat less sugar', ' Eat more vegetables', ' Lose weight']",Medium,Neither_healthy_no_unhealthy,Female,Barbecue,Pork Chops Stuffed with Smoked Gouda and Bacon,unhealthy,C,10,0.329094852,Medium,Agree,Agree,Agree,Agree,Disagree,Disagree,Env label
2017,b35_45,US,High_school,"['No dietary restrictions', ' Diabetes']","['Eat less salt', ' Eat less sugar', ' Eat more fruit']",Medium,Neither_healthy_no_unhealthy,Male,Fruits and Vegetables,Queenie's Killer Tomato Bagel Sandwich,healthy,B,8,0.095444274,High,Agree,Neutral,Agree,Agree,Neutral,Agree,Env label
2018,b35_45,US,High_school,['No dietary restrictions'],['Eat more vegetables'],Very_Low,Neither_healthy_no_unhealthy,Male,Seafood Pasta and Noodles,Sesame Seared Tuna,healthy,B,7,0.178039337,High,Agree,Agree,Agree,Strongly_Disagree,Strongly_Disagree,Neutral,Env label
2019,b45_55,US,High_school,['No dietary restrictions'],['No goals'],Medium,Healthy,Female,Seafood Pasta and Noodles,Marinated Grilled Shrimp,healthy,A,6,0.129498689,High,Strongly_Agree,Strongly_Agree,Strongly_Agree,Disagree,Strongly_Agree,Strongly_Disagree,Env label
2020,b35_45,US,BA,['No dietary restrictions'],"['Eat less salt', ' Lose weight']",Low,Neither_healthy_no_unhealthy,Male,Seafood Pasta and Noodles,Spicy Grilled Shrimp,healthy,C,7,0.149853432,High,Agree,Agree,Strongly_Agree,Neutral,Agree,Strongly_Disagree,Env label
2021,b25_35,US,MSc,"['Halal', ' Vegetarian']","['Eat less salt', ' Eat more protein']",High,Healthy,Male,Fruits and Vegetables,Baked Halibut Steaks,healthy,A,5,0.197986438,Medium,Agree,Strongly_Agree,Agree,Agree,Neutral,Agree,Env label
2022,b25_35,US,BA,['No dietary restrictions'],"['Eat less salt', ' Eat less sugar', ' Eat more vegetables']",High,Healthy,Male,Fruits and Vegetables,Roast Leg of Lamb with Rosemary,unhealthy,C,9,0.261757811,Medium,Agree,Strongly_Agree,Agree,Agree,Strongly_Agree,Strongly_Agree,Env label
2023,b35_45,US,MSc,['Diabetes'],"['Eat more fruit', ' Eat more protein', ' Eat more vegetables', ' Gain weight']",High,Very_Healthy,Male,Fruits and Vegetables,Queenie's Killer Tomato Bagel Sandwich,healthy,B,8,0.095444274,High,Agree,Agree,Agree,Neutral,Agree,Agree,Env label
2024,b25_35,US,MSc,"['Diabetes', ' Gluten free', ' Halal']","['Eat less sugar', ' Eat more vegetables']",High,Very_Healthy,Male,Meat and Poultry,Simple Carnitas,healthy,D,8,0.137166994,High,Strongly_Agree,Strongly_Agree,Strongly_Agree,Strongly_Agree,Strongly_Agree,Strongly_Agree,Env label
2025,b25_35,US,BA,['No dietary restrictions'],"['Eat less sugar', ' Eat more vegetables']",Medium,Neither_healthy_no_unhealthy,Male,Meat and Poultry,Bacon Jack Chicken Sandwich,unhealthy,B,10,0.338754507,Medium,Neutral,Neutral,Agree,Neutral,Agree,Disagree,Env label
2026,b35_45,US,BA,['Vegetarian'],['Lose weight'],Medium,Healthy,Female,Fruits and Vegetables,Farmer's Market Vegetarian Quesadillas,healthy,A,7,0.196658802,Medium,Disagree,Neutral,Neutral,Disagree,Agree,Strongly_Disagree,Env label
2027,b45_55,US,BA,['No dietary restrictions'],['No goals'],Medium,Neither_healthy_no_unhealthy,Male,Meat and Poultry,Brown Sugar Meatloaf,unhealthy,D,10,0.349753322,Medium,Agree,Agree,Strongly_Agree,Agree,Disagree,Agree,Env label
2028,b45_55,US,BA,['No dietary restrictions'],['No goals'],Medium,Healthy,Male,Meat and Poultry,G's Flank Steak Marinade,healthy,D,8,0.386426398,Low,Agree,Agree,Agree,Neutral,Disagree,Disagree,Env label
2029,bover_55,US,MSc,['Kosher'],"['Eat less sugar', ' Eat more protein', ' Eat more vegetables']",High,Healthy,Female,Fruits and Vegetables,Spinach and Feta Turkey Burgers,healthy,A,7,0.207379914,Medium,Agree,Agree,Agree,Agree,Disagree,Disagree,Env label
2030,bover_55,US,High_school,['No dietary restrictions'],['No goals'],High,Unhealthy,refuse_to_disc,Meat and Poultry,Cajun Chicken Pasta,unhealthy,C,10,0.511236999,Low,Agree,Neutral,Agree,Disagree,Agree,Disagree,Env label
2031,b35_45,US,MSc,['Vegetarian'],"['Eat more fruit', ' Eat more vegetables']",Medium,Healthy,Male,Meat and Poultry,Italian Subs - Restaurant Style,unhealthy,D,10,0.35244794,Medium,Agree,Strongly_Agree,Neutral,Disagree,Strongly_Agree,Agree,Env label
2032,b25_35,US,High_school,['No dietary restrictions'],['No goals'],Medium,Very_Healthy,Male,Meat and Poultry,Kickin' London Broil with Bleu Cheese Butter,healthy,B,8,0.690292356,Low,Neutral,Agree,Agree,Strongly_Disagree,Neutral,Disagree,Env label
2033,b35_45,US,High_school,['No dietary restrictions'],['Gain weight'],Low,Neither_healthy_no_unhealthy,Male,Meat and Poultry,Juicy Lucy Burgers,unhealthy,D,10,0.391753512,Low,Neutral,Agree,Strongly_Agree,Disagree,Agree,Agree,Env label
2034,b25_35,US,High_school,['No dietary restrictions'],['Lose weight'],Medium,Neither_healthy_no_unhealthy,Male,Meat and Poultry,Cajun Chicken Pasta,unhealthy,C,10,0.511236999,Low,Agree,Agree,Agree,Neutral,Disagree,Disagree,Env label
2035,b35_45,US,BA,['No dietary restrictions'],['No goals'],Medium,Neither_healthy_no_unhealthy,Male,Meat and Poultry,Sarge's EZ Pulled Pork BBQ,healthy,A,7,0.10009697,High,Agree,Agree,Strongly_Agree,Disagree,Agree,Strongly_Disagree,Env label
2036,b35_45,US,MSc,['No dietary restrictions'],"['Eat more fruit', ' Eat more protein', ' Eat more vegetables', ' Gain weight']",High,Very_Healthy,Male,Fruits and Vegetables,Black Bean and Corn Quesadillas,unhealthy,B,9,0.419835768,Low,Agree,Neutral,Agree,Agree,Agree,Agree,Env label
2037,b25_35,US,BA,['No dietary restrictions'],"['Eat more fruit', ' Eat more vegetables']",High,Very_Healthy,Male,Fruits and Vegetables,Spinach and Feta Pita Bake,healthy,A,7,0.338570066,Medium,Strongly_Agree,Strongly_Agree,Strongly_Agree,Agree,Disagree,Agree,Env label
2038,b25_35,US,MSc,"['Halal', ' Lactose intolerance', ' Pescatarian']","['Eat less salt', ' Eat less sugar', ' Eat more fruit', ' Eat more vegetables']",High,Very_Healthy,Male,Meat and Poultry,Kickin' London Broil with Bleu Cheese Butter,healthy,B,8,0.690292356,Low,Strongly_Agree,Strongly_Agree,Strongly_Agree,Strongly_Agree,Strongly_Agree,Strongly_Agree,Env label
2039,b25_35,US,Doctorate,"['Halal', ' Kosher', ' Lactose intolerance', ' Pescatarian', ' Vegetarian']","['Eat less salt', ' Eat less sugar', ' Eat more fruit', ' Eat more protein']",High,Very_Healthy,Male,Barbecue,Ray's Chicken,healthy,D,8,0.179762626,High,Strongly_Agree,Strongly_Agree,Strongly_Agree,Strongly_Agree,Strongly_Agree,Strongly_Agree,Env label
2041,b35_45,US,BA,['No dietary restrictions'],['No goals'],Medium,Healthy,Female,Seafood Pasta and Noodles,Bow Ties with Sausage' Tomatoes and Cream,unhealthy,C,10,0.146357026,High,Strongly_Agree,Strongly_Agree,Strongly_Agree,Disagree,Strongly_Agree,Disagree,Env label
2042,b35_45,US,Less_high_school,['No dietary restrictions'],['No goals'],Medium,Unhealthy,Female,Seafood Pasta and Noodles,Garlic Salmon,healthy,A,5,0.03551123,High,Agree,Strongly_Agree,Strongly_Agree,Disagree,Agree,Disagree,Env label
2043,b45_55,US,BA,['No dietary restrictions'],['Lose weight'],Medium,Neither_healthy_no_unhealthy,Male,Barbecue,Grilled Sausage with Potatoes and Green Beans,unhealthy,D,10,0.287695638,Medium,Agree,Agree,Strongly_Agree,Disagree,Agree,Strongly_Disagree,Env label
2044,b35_45,US,BA,['No dietary restrictions'],"['Eat less sugar', ' Eat more protein']",Medium,Healthy,Male,Meat and Poultry,Sarge's EZ Pulled Pork BBQ,healthy,A,7,0.10009697,High,Strongly_Agree,Strongly_Agree,Strongly_Agree,Disagree,Agree,Strongly_Disagree,Env label
2045,b35_45,US,BA,['No dietary restrictions'],"['Eat less sugar', ' Eat more protein', ' Eat more vegetables']",Medium,Healthy,Male,Meat and Poultry,Sarge's EZ Pulled Pork BBQ,healthy,A,7,0.10009697,High,Strongly_Agree,Agree,Strongly_Agree,Agree,Neutral,Agree,Env label
2046,b35_45,US,High_school,['No dietary restrictions'],"['Eat less salt', ' Eat less sugar', ' Eat more fruit', ' Eat more protein', ' Eat more vegetables', ' Lose weight']",Very High,Neither_healthy_no_unhealthy,Male,Meat and Poultry,Chicken and Bacon Shish Kabobs,healthy,B,8,0.24654068,Medium,Strongly_Agree,Neutral,Strongly_Agree,Disagree,Agree,Strongly_Disagree,Env label
2047,b45_55,US,High_school,['No dietary restrictions'],"['Eat less salt', ' Eat less sugar', ' Eat more protein']",High,Neither_healthy_no_unhealthy,Female,Meat and Poultry,Marinated Pork Tenderloin,healthy,C,8,0.187504861,Medium,Agree,Strongly_Agree,Strongly_Agree,Disagree,Neutral,Strongly_Disagree,Env label
2048,bover_55,US,MSc,['No dietary restrictions'],['Lose weight'],Medium,Healthy,Female,Meat and Poultry,Dijon-Tarragon Cream Chicken,healthy,C,8,0.421679602,Low,Agree,Agree,Strongly_Agree,Strongly_Disagree,Strongly_Agree,Strongly_Disagree,Env label
2049,b45_55,US,BA,['No dietary restrictions'],"['Eat less sugar', ' Eat more protein', ' Gain weight']",Medium,Healthy,Male,Seafood Pasta and Noodles,Stuffed Shells I,unhealthy,C,9,0.369430927,Medium,Disagree,Neutral,Agree,Agree,Disagree,Agree,Env label
2050,b25_35,US,BA,"['Gluten free', ' Kosher', ' Pescatarian', ' Vegetarian']","['Eat more fruit', ' Eat more protein', ' Eat more vegetables', ' Lose weight']",High,Healthy,Female,Fruits and Vegetables,California Grilled Veggie Sandwich,healthy,B,8,0.271121078,Medium,Agree,Agree,Agree,Neutral,Strongly_Agree,Neutral,Env label
2051,b45_55,US,BA,['Vegetarian'],['Eat more vegetables'],High,Neither_healthy_no_unhealthy,Female,Fruits and Vegetables,California Grilled Veggie Sandwich,healthy,B,8,0.271121078,Medium,Neutral,Agree,Strongly_Agree,Neutral,Agree,Strongly_Agree,Env label
2052,b45_55,US,BA,['Diabetes'],['No goals'],High,Healthy,Male,Meat and Poultry,Sarge's EZ Pulled Pork BBQ,healthy,A,7,0.10009697,High,Agree,Agree,Strongly_Agree,Disagree,Agree,Neutral,Env label
2054,b25_35,US,BA,['Gluten free'],"['Eat less salt', ' Eat more fruit']",High,Healthy,Male,Fruits and Vegetables,Pizza On The Grill I,healthy,C,7,0.240301113,Medium,Agree,Strongly_Agree,Agree,Strongly_Agree,Agree,Strongly_Agree,Env label
2055,b25_35,US,MSc,"['Halal', ' Kosher', ' Lactose intolerance']","['Eat less salt', ' Eat less sugar', ' Eat more fruit']",High,Very_Healthy,Male,Barbecue,Grilled Tilapia with Mango Salsa,healthy,A,8,0.118788429,High,Strongly_Agree,Strongly_Agree,Strongly_Agree,Strongly_Agree,Strongly_Agree,Strongly_Agree,Env label
2056,b25_35,US,BA,['No dietary restrictions'],"['Eat more fruit', ' Eat more protein', ' Eat more vegetables']",Medium,Very_Healthy,Male,Meat and Poultry,BBQ Pork for Sandwiches,unhealthy,C,9,0.110053984,High,Neutral,Neutral,Strongly_Agree,Strongly_Disagree,Strongly_Agree,Strongly_Disagree,Env label
2057,bover_55,US,High_school,['No dietary restrictions'],['Lose weight'],High,Healthy,Female,Meat and Poultry,Simple BBQ Ribs,unhealthy,D,10,0.112601437,High,Neutral,Agree,Agree,Agree,Neutral,Neutral,Env label
2058,b25_35,US,MSc,"['Gluten free', ' Pescatarian']","['Eat less sugar', ' Eat more protein']",High,Very_Healthy,Male,Fruits and Vegetables,Pizza On The Grill I,healthy,C,7,0.240301113,Medium,Strongly_Agree,Strongly_Agree,Strongly_Agree,Strongly_Agree,Strongly_Agree,Strongly_Agree,Env label
2059,b25_35,US,High_school,['No dietary restrictions'],['No goals'],Medium,Unhealthy,Male,Meat and Poultry,Chicken Cordon Bleu II,unhealthy,D,9,0.64441495,Low,Agree,Neutral,Agree,Disagree,Agree,Disagree,Env label
2060,b25_35,US,High_school,['No dietary restrictions'],['Lose weight'],Medium,Neither_healthy_no_unhealthy,Male,Meat and Poultry,Best Beef Dip Ever,unhealthy,B,9,0.316075733,Medium,Agree,Agree,Agree,Disagree,Agree,Disagree,Env label
2061,b25_35,US,BA,['No dietary restrictions'],"['Eat less salt', ' Eat less sugar', ' Eat more fruit', ' Eat more vegetables']",High,Healthy,Female,Seafood Pasta and Noodles,Blackened Tilapia with Secret Hobo Spices,healthy,C,7,0.096147689,High,Agree,Agree,Strongly_Agree,Agree,Disagree,Agree,Env label
2062,b45_55,US,BA,['Diabetes'],"['No goals', ' Eat more fruit']",High,Neither_healthy_no_unhealthy,Male,Meat and Poultry,Sarge's EZ Pulled Pork BBQ,healthy,A,7,0.10009697,High,Agree,Strongly_Agree,Strongly_Agree,Agree,Strongly_Agree,Neutral,Env label
2063,b35_45,US,MSc,['No dietary restrictions'],['No goals'],High,Neither_healthy_no_unhealthy,Female,Meat and Poultry,Charley's Slow Cooker Mexican Style Meat,healthy,B,8,0.088227962,High,Agree,Strongly_Agree,Strongly_Agree,Neutral,Agree,Disagree,Env label
2064,b18_24,US,High_school,['Vegetarian'],"['Eat less salt', ' Eat less sugar', ' Eat more fruit', ' Eat more protein', ' Eat more vegetables']",Medium,Healthy,Female,Fruits and Vegetables,Italian Subs - Restaurant Style,unhealthy,D,10,0.35244794,Medium,Agree,Neutral,Neutral,Disagree,Disagree,Disagree,Env label
2065,b35_45,US,Doctorate,['No dietary restrictions'],['No goals'],High,Healthy,Female,Meat and Poultry,Chicken In Basil Cream,unhealthy,C,9,0.475476406,Low,Neutral,Agree,Agree,Disagree,Agree,Strongly_Disagree,Env label
2066,b25_35,US,High_school,"['Diabetes', ' Lactose intolerance']",['Lose weight'],High,Neither_healthy_no_unhealthy,Female,Meat and Poultry,Sausage' Peppers' Onions' and Potato Bake,unhealthy,A,10,0.152794512,High,Agree,Agree,Agree,Disagree,Strongly_Agree,Disagree,Env label
2067,b35_45,US,MSc,['No dietary restrictions'],['No goals'],Medium,Neither_healthy_no_unhealthy,Male,Barbecue,Spinach and Feta Turkey Burgers,healthy,A,7,0.207379914,Medium,Agree,Neutral,Agree,Disagree,Agree,Disagree,Env label
2068,b25_35,US,MSc,['No dietary restrictions'],"['Eat more protein', ' Eat more vegetables', ' Lose weight']",High,Very_Healthy,Male,Seafood Pasta and Noodles,Spinach Cheese Manicotti,unhealthy,B,9,0.326735473,Medium,Agree,Strongly_Agree,Agree,Agree,Agree,Strongly_Agree,Env label
2069,b25_35,US,High_school,['No dietary restrictions'],['No goals'],Low,Neither_healthy_no_unhealthy,Male,Meat and Poultry,Scott Hibb's Amazing Whisky Grilled Baby Back Ribs,unhealthy,B,12,0.221027799,Medium,Agree,Agree,Strongly_Agree,Disagree,Agree,Neutral,Env label
2070,b25_35,US,MSc,['Vegetarian'],"['Eat less sugar', ' Eat more fruit', ' Eat more vegetables']",Low,Neither_healthy_no_unhealthy,Male,Fruits and Vegetables,California Grilled Veggie Sandwich,healthy,B,8,0.271121078,Medium,Agree,Agree,Strongly_Agree,Disagree,Agree,Strongly_Disagree,Env label
2071,b35_45,US,BA,['No dietary restrictions'],['No goals'],Medium,Neither_healthy_no_unhealthy,Female,Seafood Pasta and Noodles,Bow Ties with Sausage' Tomatoes and Cream,unhealthy,C,10,0.146357026,High,Agree,Neutral,Agree,Disagree,Agree,Disagree,Env label
2072,b25_35,US,BA,['No dietary restrictions'],['Eat more fruit'],High,Healthy,Male,Fruits and Vegetables,Rosemary Lemon Grilled Chicken,healthy,C,7,0.309094617,Medium,Agree,Strongly_Agree,Agree,Agree,Strongly_Agree,Strongly_Agree,Env label
2073,b35_45,US,BA,['No dietary restrictions'],"['Eat less sugar', ' Lose weight']",Medium,Neither_healthy_no_unhealthy,Male,Meat and Poultry,Quick Chicken Piccata,healthy,B,8,0.37971817,Low,Agree,Strongly_Agree,Agree,Agree,Disagree,Disagree,Env label
2074,b25_35,US,BA,['No dietary restrictions'],['No goals'],Low,Very_unhealthy,Male,Meat and Poultry,Scott Hibb's Amazing Whisky Grilled Baby Back Ribs,unhealthy,B,12,0.221027799,Medium,Agree,Strongly_Agree,Strongly_Agree,Disagree,Strongly_Agree,Strongly_Disagree,Env label
2075,b25_35,US,BA,"['Gluten free', ' Halal', ' Lactose intolerance', ' Vegetarian']","['Eat more fruit', ' Eat more protein', ' Eat more vegetables', ' Lose weight']",High,Healthy,Male,Fruits and Vegetables,Pizza On The Grill I,healthy,C,7,0.240301113,Medium,Agree,Agree,Agree,Agree,Strongly_Agree,Agree,Env label
2076,b35_45,US,High_school,['No dietary restrictions'],['No goals'],Medium,Neither_healthy_no_unhealthy,Female,Meat and Poultry,Quick and Easy Mexican Chicken,healthy,B,8,0.162808939,High,Neutral,Agree,Agree,Disagree,Neutral,Strongly_Disagree,Env label
2077,b35_45,US,BA,['Diabetes'],['Eat more protein'],Medium,Neither_healthy_no_unhealthy,refuse_to_disc,Meat and Poultry,Chipotle Shrimp Tacos,healthy,A,7,0.173059234,High,Neutral,Agree,Agree,Disagree,Neutral,Neutral,Env label
2078,b45_55,US,BA,['No dietary restrictions'],['No goals'],Medium,Neither_healthy_no_unhealthy,Male,Meat and Poultry,Smoky Grilled Pork Chops,healthy,B,8,0.122414987,High,Agree,Strongly_Agree,Strongly_Agree,Disagree,Strongly_Agree,Disagree,Env label
2079,bover_55,US,High_school,['No dietary restrictions'],['No goals'],Medium,Healthy,Female,Seafood Pasta and Noodles,Broiled Tilapia Parmesan,healthy,B,7,0.386548761,Low,Agree,Agree,Agree,Agree,Agree,Agree,Env label
2080,b35_45,US,BA,['No dietary restrictions'],['No goals'],High,Healthy,Male,Meat and Poultry,Foolproof Rib Roast,unhealthy,B,10,0.30055553,Medium,Agree,Agree,Strongly_Agree,Disagree,Agree,Strongly_Disagree,Env label
2081,b25_35,US,High_school,['No dietary restrictions'],"['Eat more fruit', ' Eat more vegetables', ' Gain weight']",Medium,Unhealthy,Male,Meat and Poultry,Herb Roasted Pork,unhealthy,A,9,0.123774707,High,Agree,Agree,Strongly_Agree,Disagree,Strongly_Agree,Strongly_Disagree,Env label
2082,b35_45,US,MSc,['Diabetes'],['Eat more protein'],High,Very_Healthy,Female,Meat and Poultry,Pico de Gallo Chicken Quesadillas,unhealthy,B,10,0.348773773,Medium,Agree,Agree,Strongly_Agree,Neutral,Agree,Neutral,Env label
2083,b25_35,US,High_school,['No dietary restrictions'],"['Eat less salt', ' Eat less sugar', ' Eat more fruit']",Medium,Healthy,Male,Fruits and Vegetables,Peppered Shrimp Alfredo,unhealthy,C,10,0.552301085,Low,Agree,Agree,Agree,Disagree,Agree,Disagree,Env label
2084,b35_45,US,BA,['No dietary restrictions'],"['Eat more fruit', ' Eat more vegetables', ' Gain weight']",High,Healthy,Female,Fruits and Vegetables,Chicken Souvlaki Gyro Style,unhealthy,C,10,0.391838039,Low,Agree,Neutral,Agree,Neutral,Agree,Disagree,Env label
2085,b45_55,US,MSc,['No dietary restrictions'],['Lose weight'],Low,Unhealthy,Female,Meat and Poultry,Teena's Spicy Pesto Chicken and Pasta,healthy,A,7,0.262395373,Medium,Agree,Strongly_Agree,Strongly_Agree,Disagree,Agree,Disagree,Env label
2086,b35_45,US,MSc,['No dietary restrictions'],"['Eat more vegetables', ' Lose weight']",High,Very_Healthy,Male,Barbecue,Easy Chicken Satay,unhealthy,D,10,0.186929984,Medium,Agree,Agree,Strongly_Agree,Disagree,Neutral,Disagree,Env label
2087,b25_35,VI,MSc,['No dietary restrictions'],['Eat more fruit'],Medium,Healthy,Male,Meat and Poultry,Italian Sausage' Peppers' and Onions,unhealthy,D,10,0.267204815,Medium,Agree,Agree,Agree,Agree,Agree,Strongly_Agree,Env label
2088,b25_35,US,High_school,['No dietary restrictions'],['No goals'],High,Unhealthy,Female,Meat and Poultry,Beef Bulgogi,unhealthy,C,9,0.38972872,Low,Agree,Agree,Agree,Agree,Agree,Agree,Env label
2089,b25_35,US,High_school,['No dietary restrictions'],['No goals'],Low,Neither_healthy_no_unhealthy,Female,Seafood Pasta and Noodles,Shrimp and Mushroom Linguini with Creamy Cheese Herb Sauce,unhealthy,C,9,0.619968992,Low,Neutral,Agree,Strongly_Agree,Disagree,Agree,Disagree,Env label
2090,b35_45,US,BA,['No dietary restrictions'],['No goals'],Low,Unhealthy,Male,Meat and Poultry,G's Flank Steak Marinade,healthy,D,8,0.386426398,Low,Neutral,Agree,Strongly_Agree,Disagree,Agree,Disagree,Env label
2091,b35_45,US,BA,['No dietary restrictions'],['No goals'],Low,Neither_healthy_no_unhealthy,Male,Meat and Poultry,Tomato Chicken Parmesan,unhealthy,C,10,0.342822803,Medium,Agree,Strongly_Agree,Strongly_Agree,Disagree,Agree,Strongly_Disagree,Env label
2092,b25_35,US,High_school,['No dietary restrictions'],['Eat less sugar'],Low,Unhealthy,Male,Meat and Poultry,Smoky Grilled Pork Chops,healthy,B,8,0.122414987,High,Neutral,Neutral,Agree,Strongly_Disagree,Agree,Strongly_Disagree,Env label
2093,b35_45,US,BA,"['Gluten free', ' Allergies']","['Eat more protein', ' Eat more vegetables', ' Lose weight']",High,Healthy,Female,Fruits and Vegetables,Tasty Lentil Tacos,healthy,A,7,0.063877614,High,Agree,Agree,Strongly_Agree,Disagree,Neutral,Disagree,Env label
2094,b25_35,US,High_school,['Gluten free'],"['Eat less sugar', ' Eat more protein', ' Eat more vegetables']",Medium,Healthy,Male,Fruits and Vegetables,California Grilled Veggie Sandwich,healthy,B,8,0.271121078,Medium,Agree,Strongly_Agree,Agree,Strongly_Agree,Disagree,Strongly_Agree,Env label
2095,bover_55,FI,Less_high_school,['Gluten free'],['Eat less salt'],Very_Low,Very_unhealthy,Male,Fruits and Vegetables,Pizza On The Grill I,healthy,C,7,0.240301113,Medium,Agree,Agree,Agree,Agree,Strongly_Agree,Strongly_Agree,Env label
2096,b35_45,US,BA,['Diabetes'],['Eat less salt'],High,Healthy,Female,Fruits and Vegetables,Pizza On The Grill I,healthy,C,7,0.240301113,Medium,Agree,Agree,Strongly_Agree,Disagree,Agree,Agree,Env label
2097,b35_45,US,Doctorate,['No dietary restrictions'],['No goals'],Very_Low,Neither_healthy_no_unhealthy,Male,Seafood Pasta and Noodles,Spinach Tomato Tortellini,unhealthy,C,9,0.276203942,Medium,Agree,Agree,Agree,Disagree,Agree,Strongly_Disagree,Env label
2098,b25_35,US,BA,['No dietary restrictions'],"['Eat less sugar', ' Eat more fruit', ' Eat more protein', ' Eat more vegetables', ' Lose weight']",Medium,Healthy,Female,Fruits and Vegetables,Authentic Louisiana Red Beans and Rice,healthy,A,8,0.096811833,High,Agree,Agree,Agree,Agree,Agree,Disagree,Env label
2099,b45_55,US,BA,['No dietary restrictions'],['Lose weight'],Medium,Healthy,Female,Fruits and Vegetables,Honey Garlic Ribs,unhealthy,C,11,0.131564043,High,Strongly_Agree,Strongly_Agree,Strongly_Agree,Strongly_Disagree,Strongly_Agree,Strongly_Disagree,Env label
2100,b25_35,US,BA,['Vegetarian'],['Eat more fruit'],High,Healthy,Male,Fruits and Vegetables,Spinach Cheese Manicotti,unhealthy,B,9,0.326735473,Medium,Strongly_Agree,Agree,Agree,Strongly_Disagree,Strongly_Agree,Neutral,Env label
2101,b35_45,US,BA,['Vegetarian'],"['Eat less salt', ' Eat less sugar', ' Eat more protein', ' Eat more vegetables', ' Lose weight']",Very High,Healthy,Female,Fruits and Vegetables,Farmer's Market Vegetarian Quesadillas,healthy,A,7,0.196658802,Medium,Strongly_Agree,Strongly_Agree,Strongly_Agree,Disagree,Strongly_Agree,Disagree,Env label
2102,b25_35,US,BA,['No dietary restrictions'],['Lose weight'],Medium,Healthy,Male,Meat and Poultry,Charley's Slow Cooker Mexican Style Meat,healthy,B,8,0.088227962,High,Neutral,Agree,Agree,Neutral,Agree,Disagree,Env label
2103,b25_35,US,MSc,['Gluten free'],['Eat more fruit'],Medium,Unhealthy,Male,Fruits and Vegetables,Slow Cooker Cilantro Lime Chicken,healthy,A,6,0.08028519,High,Agree,Neutral,Neutral,Neutral,Neutral,Disagree,Env label
2104,b35_45,US,BA,['No dietary restrictions'],"['Eat less sugar', ' Eat more vegetables']",Low,Healthy,Female,Meat and Poultry,Slow Cooker Cilantro Lime Chicken,healthy,A,6,0.08028519,High,Neutral,Neutral,Strongly_Agree,Agree,Disagree,Strongly_Disagree,Env label
2105,b45_55,US,High_school,['Gluten free'],"['Eat more fruit', ' Eat more protein', ' Eat more vegetables']",High,Healthy,Female,Fruits and Vegetables,Quick Chicken Piccata,healthy,B,8,0.37971817,Low,Agree,Agree,Agree,Strongly_Disagree,Agree,Disagree,Env label
2106,b25_35,US,BA,['No dietary restrictions'],['Eat less sugar'],High,Neither_healthy_no_unhealthy,Male,Meat and Poultry,G's Flank Steak Marinade,healthy,D,8,0.386426398,Low,Agree,Agree,Strongly_Agree,Agree,Disagree,Disagree,Env label
2107,b25_35,US,MSc,['No dietary restrictions'],['Eat less sugar'],Medium,Healthy,Male,Meat and Poultry,G's Flank Steak Marinade,healthy,D,8,0.386426398,Low,Agree,Disagree,Agree,Neutral,Agree,Neutral,Env label
2108,b25_35,US,MSc,"['Halal', ' Vegetarian']","['Eat less salt', ' Eat more fruit', ' Eat more vegetables']",Medium,Healthy,Male,Fruits and Vegetables,Lamb Chops with Balsamic Reduction,healthy,B,8,0.528443215,Low,Neutral,Strongly_Agree,Agree,Neutral,Agree,Strongly_Agree,Env label
2109,b35_45,US,MSc,['Allergies'],"['Eat less salt', ' Eat less sugar', ' Eat more fruit', ' Eat more protein', ' Eat more vegetables', ' Gain weight', ' Lose weight']",Medium,Healthy,Male,Fruits and Vegetables,Cajun Chicken Pasta,unhealthy,C,10,0.511236999,Low,Agree,Agree,Strongly_Agree,Strongly_Agree,Neutral,Agree,Env label
2110,b35_45,US,High_school,['Lactose intolerance'],['Lose weight'],Medium,Very_unhealthy,Female,Fruits and Vegetables,Spinach and Feta Turkey Burgers,healthy,A,7,0.207379914,Medium,Agree,Agree,Strongly_Agree,Strongly_Disagree,Strongly_Agree,Strongly_Disagree,Env label
2111,b35_45,US,BA,['No dietary restrictions'],"['Eat less salt', ' Gain weight']",Medium,Unhealthy,Female,Fruits and Vegetables,Kathy's Roast and Vegetables,healthy,A,7,0.37981674,Low,Agree,Agree,Agree,Agree,Agree,Disagree,Env label
2112,b45_55,US,MSc,"['Lactose intolerance', ' Vegetarian']","['No goals', ' Eat more fruit', ' Eat more protein', ' Eat more vegetables']",High,Healthy,Male,Fruits and Vegetables,Pizza On The Grill I,healthy,C,7,0.240301113,Medium,Strongly_Agree,Agree,Strongly_Agree,Agree,Strongly_Agree,Neutral,Env label
2113,b45_55,US,High_school,"['Gluten free', ' Lactose intolerance']",['No goals'],Low,Very_unhealthy,Female,Meat and Poultry,Boiled Chicken,healthy,A,5,0.109593441,High,Agree,Agree,Agree,Agree,Neutral,Disagree,Env label
2114,b35_45,US,MSc,"['No dietary restrictions', ' Gluten free', ' Allergies']","['Eat more fruit', ' Eat more protein', ' Eat more vegetables']",Medium,Healthy,Male,Meat and Poultry,Spicy Rapid Roast Chicken,healthy,A,6,0.143670686,High,Strongly_Agree,Agree,Strongly_Agree,Neutral,Strongly_Agree,Neutral,Env label
