person,age,country,education,diet_restriction,diet_goal,cooking_exp,eating_habits,gender,recipe_name
4,b35_45,US,BA,No dietary restrictions,No goals,Low,Unhealthy,Male,Ray's Chicken
5,b25_35,US,High_school,No dietary restrictions,"Eat less salt,Eat less sugar,Eat more fruit,Eat more protein,Eat more vegetables",Medium,Neither_healthy_no_unhealthy,Male,Sarge's EZ Pulled Pork BBQ
6,b35_45,US,BA,No dietary restrictions,Lose weight,Low,Neither_healthy_no_unhealthy,Male,Bow Ties with Sausage' Tomatoes and Cream
7,b25_35,US,High_school,No dietary restrictions,No goals,High,Neither_healthy_no_unhealthy,Male,Scott Hibb's Amazing Whisky Grilled Baby Back Ribs
9,b25_35,US,BA,No dietary restrictions,Eat more fruit,High,Healthy,Female,Pizza Without the Red Sauce
10,b35_45,US,BA,No dietary restrictions,"Eat less salt,Eat less sugar,Eat more vegetables",High,Healthy,Male,Cajun Chicken Pasta
11,b45_55,US,BA,No dietary restrictions,Lose weight,Medium,Healthy,Female,California Grilled Veggie Sandwich
13,b18_24,US,BA,Vegetarian,"Eat more fruit,Eat more protein,Eat more vegetables",High,Healthy,Female,Coconut Shrimp I
14,bover_55,US,BA,No dietary restrictions,"Eat less salt,Eat more fruit,Eat more vegetables,Lose weight",High,Neither_healthy_no_unhealthy,Male,Chipotle Shrimp Tacos
16,bover_55,US,BA,No dietary restrictions,Eat more vegetables,Medium,Neither_healthy_no_unhealthy,Female,Margarita Grilled Shrimp
19,b25_35,US,High_school,"Halal, Lactose intolerance, Vegetarian","Eat less salt,Eat more fruit,Eat more vegetables",High,Healthy,Male,Bacon Jack Chicken Sandwich
22,b45_55,US,BA,Diabetes,Lose weight,Medium,Healthy,Male,Simple Carnitas
23,bover_55,US,MSc,No dietary restrictions,Lose weight,Medium,Neither_healthy_no_unhealthy,Male,G's Flank Steak Marinade
24,b25_35,US,BA,No dietary restrictions,No goals,Medium,Neither_healthy_no_unhealthy,Male,Foolproof Rib Roast
25,b45_55,US,High_school,"Diabetes, Lactose intolerance",Eat less sugar,High,Healthy,Female,Chicken Asparagus Roll-Ups
26,b18_24,US,MSc,Vegetarian,Eat less sugar,Very_Low,Very_Healthy,Female,Spinach and Feta Turkey Burgers
53,b45_55,US,MSc,"Lactose intolerance, Pescatarian, Vegetarian","Eat more fruit,Eat more protein,Eat more vegetables",High,Healthy,Male,Goat Cheese and Spinach Turkey Burgers
55,b25_35,US,BA,No dietary restrictions,No goals,Very High,Very_Healthy,Male,Marinated Grilled Shrimp
56,b45_55,US,MSc,No dietary restrictions,"Eat more fruit,Eat more protein,Eat more vegetables",Medium,Neither_healthy_no_unhealthy,Female,Italian Subs - Restaurant Style
57,b45_55,US,MSc,"Gluten free, Halal, Pescatarian","Eat more fruit,Eat more vegetables",High,Healthy,Female,Simple Carnitas
58,b45_55,US,BA,No dietary restrictions,"Eat less salt,Eat more fruit,Eat more vegetables,Lose weight",Medium,Very_Healthy,Male,Hearty Vegetable Lasagna
59,b45_55,AX,MSc,"Diabetes, Gluten free, Halal, Kosher, Pescatarian, Vegetarian","Eat less salt,Eat less sugar,Eat more protein,Gain weight",Low,Unhealthy,Female,Farmer's Market Vegetarian Quesadillas
60,b45_55,US,MSc,No dietary restrictions,Lose weight,Medium,Healthy,Female,Marinated Grilled Shrimp
61,b45_55,US,BA,No dietary restrictions,No goals,High,Healthy,Male,Dee's Roast Pork for Tacos
62,b45_55,US,BA,Vegetarian,"Eat less salt,Eat less sugar,Eat more fruit,Eat more protein,Eat more vegetables,Lose weight",Very High,Healthy,Male,Souvlaki
63,b35_45,US,BA,No dietary restrictions,"Eat less sugar,Eat more vegetables",High,Healthy,Female,Jalapeno Chicken II
65,b35_45,US,BA,"Gluten free, Vegetarian","Eat less sugar,Eat more fruit,Eat more protein,Eat more vegetables",High,Very_Healthy,Male,Farmer's Market Vegetarian Quesadillas
66,b45_55,US,BA,Vegetarian,Eat less sugar,High,Healthy,Female,Garden Veggie Pizza Squares
67,b45_55,US,MSc,"No dietary restrictions, Gluten free, Kosher","Eat less sugar,Eat more protein",Medium,Healthy,Female,Kickin' London Broil with Bleu Cheese Butter
69,b45_55,US,MSc,"Lactose intolerance, Pescatarian, Vegetarian","Eat more fruit,Eat more protein,Eat more vegetables",High,Very_Healthy,Female,Cajun Chicken Pasta
72,b45_55,US,BA,"Gluten free, Halal, Kosher, Vegetarian","Eat less sugar,Eat more fruit,Eat more protein",High,Healthy,Female,Italian Subs - Restaurant Style
73,b25_35,US,BA,Vegetarian,"Eat more fruit,Eat more protein,Eat more vegetables",High,Very_Healthy,Male,Grilled Sausage with Potatoes and Green Beans
75,b45_55,US,MSc,Lactose intolerance,Eat more fruit,Medium,Neither_healthy_no_unhealthy,Female,Baked Teriyaki Chicken
76,b45_55,US,MSc,"Pescatarian, Vegetarian","Eat more fruit,Eat more protein,Eat more vegetables",High,Very_Healthy,Male,Juicy Lucy Burgers
77,b45_55,US,MSc,Diabetes,"Eat less salt,Eat less sugar",Medium,Healthy,Male,Charley's Slow Cooker Mexican Style Meat
78,b45_55,US,MSc,Diabetes,"Eat less salt,Eat less sugar",Medium,Healthy,Female,Spinach Cheese Manicotti
79,b35_45,US,BA,Vegetarian,Lose weight,High,Very_Healthy,Female,Simple Carnitas
80,b45_55,US,BA,Diabetes,No goals,Medium,Neither_healthy_no_unhealthy,Male,Roast Sticky Chicken-Rotisserie Style
81,b35_45,US,BA,Vegetarian,Eat more fruit,High,Healthy,Male,Kathy's Roast and Vegetables
82,b25_35,US,BA,"Gluten free, Vegetarian",Gain weight,High,Healthy,Female,Spinach and Feta Turkey Burgers
83,b45_55,US,MSc,"Lactose intolerance, Vegetarian","Eat less sugar,Eat more fruit,Eat more protein,Eat more vegetables",Medium,Neither_healthy_no_unhealthy,Female,Tomato Bacon Grilled Cheese
84,b25_35,US,BA,Diabetes,No goals,High,Neither_healthy_no_unhealthy,Female,Easy Herb Roasted Turkey
85,b25_35,US,MSc,Vegetarian,Eat more fruit,Very High,Very_Healthy,Male,Pizza On The Grill I
86,b45_55,US,MSc,"Pescatarian, Vegetarian","Eat more fruit,Eat more protein,Eat more vegetables",High,Very_Healthy,Female,Spinach and Feta Turkey Burgers
87,b35_45,US,High_school,No dietary restrictions,"Eat more protein,Eat more vegetables",Medium,Unhealthy,Male,Kickin' London Broil with Bleu Cheese Butter
89,b45_55,US,BA,"Halal, Kosher, Lactose intolerance, Pescatarian","Eat more fruit,Eat more protein",High,Very_Healthy,Female,Italian Subs - Restaurant Style
90,b45_55,US,MSc,"Lactose intolerance, Pescatarian, Vegetarian","Eat more fruit,Eat more protein,Eat more vegetables",High,Healthy,Male,Grilled Tilapia with Mango Salsa
91,b35_45,US,BA,No dietary restrictions,"Eat more fruit,Eat more protein,Eat more vegetables",Medium,Healthy,Male,Chicken Marsala Florentine
92,b25_35,US,BA,No dietary restrictions,No goals,Low,Neither_healthy_no_unhealthy,Male,Foolproof Rib Roast
93,b35_45,US,MSc,"Lactose intolerance, Pescatarian","Eat less salt,Eat more fruit,Eat more vegetables",High,Healthy,Female,Simple Carnitas
94,b35_45,US,BA,Diabetes,Eat less sugar,Medium,Healthy,Male,Crispy Fried Chicken
96,b25_35,US,BA,"Diabetes, Lactose intolerance, Pescatarian","Eat less salt,Eat less sugar,Eat more fruit,Eat more protein,Eat more vegetables",High,Healthy,Female,Bacon Jack Chicken Sandwich
99,b45_55,US,MSc,Diabetes,"Eat less salt,Eat less sugar",High,Healthy,Male,Kickin' London Broil with Bleu Cheese Butter
100,b35_45,US,BA,No dietary restrictions,No goals,Medium,Healthy,Male,Spinach Tomato Tortellini
105,b25_35,US,BA,No dietary restrictions,No goals,Medium,Healthy,Male,Beer Butt Chicken
109,b45_55,US,MSc,Diabetes,"Eat less salt,Eat less sugar",High,Healthy,Male,G's Flank Steak Marinade
114,b35_45,US,BA,No dietary restrictions,"Eat more fruit,Eat more protein,Eat more vegetables",High,Very_Healthy,Male,Queenie's Killer Tomato Bagel Sandwich
115,b45_55,US,MSc,Kosher,Eat more protein,Medium,Healthy,Female,Teena's Spicy Pesto Chicken and Pasta
118,b25_35,US,BA,Vegetarian,"Eat less salt,Eat less sugar,Eat more protein,Eat more vegetables",Medium,Healthy,Male,Three Cheese Manicotti II
119,b45_55,US,MSc,"Lactose intolerance, Pescatarian, Vegetarian","Eat more fruit,Eat more protein,Eat more vegetables",High,Healthy,Female,Pizza On The Grill I
120,b45_55,US,MSc,No dietary restrictions,"Eat more fruit,Eat more protein,Eat more vegetables,Gain weight",Medium,Healthy,Female,Bacon Jack Chicken Sandwich
121,b35_45,US,BA,Diabetes,"Eat less salt,Eat less sugar",Medium,Healthy,Male,Spinach and Feta Turkey Burgers
122,b25_35,US,BA,"Kosher, Lactose intolerance, Vegetarian","Eat less sugar,Eat more fruit,Eat more vegetables",Medium,Neither_healthy_no_unhealthy,Male,Mama's Best Broiled Tomato Sandwich
123,b25_35,US,High_school,No dietary restrictions,No goals,Low,Neither_healthy_no_unhealthy,Male,Garlic Prime Rib
124,b25_35,US,BA,Diabetes,Eat more protein,Medium,Very_Healthy,Male,Linguine Pasta with Shrimp and Tomatoes
125,b25_35,US,BA,Pescatarian,Eat more fruit,High,Very_Healthy,Female,California Grilled Veggie Sandwich
126,b35_45,US,BA,No dietary restrictions,"Eat less salt,Eat less sugar,Eat more fruit,Eat more protein,Eat more vegetables",High,Neither_healthy_no_unhealthy,Male,Shoyu Chicken
127,b45_55,US,MSc,No dietary restrictions,"Eat less sugar,Eat more fruit,Eat more protein",Medium,Neither_healthy_no_unhealthy,Female,Spinach and Feta Turkey Burgers
128,b25_35,US,BA,"Diabetes, Kosher, Lactose intolerance, Pescatarian","Eat less salt,Eat less sugar,Eat more fruit,Eat more protein,Eat more vegetables",Very High,Healthy,Female,Grilled Marinated Shrimp
129,b25_35,US,BA,Vegetarian,"Eat less sugar,Eat more fruit,Eat more vegetables",High,Very_Healthy,Male,California Grilled Veggie Sandwich
130,b25_35,US,BA,"Kosher, Lactose intolerance","Eat less sugar,Eat more fruit",High,Healthy,Male,G's Flank Steak Marinade
131,b45_55,US,MSc,No dietary restrictions,"Eat more fruit,Eat more protein,Eat more vegetables,Gain weight",Medium,Neither_healthy_no_unhealthy,Female,Charley's Slow Cooker Mexican Style Meat
132,b25_35,US,BA,"Diabetes, Gluten free","Eat less sugar,Eat more fruit",High,Healthy,Male,Grilled Sausage with Potatoes and Green Beans
133,b25_35,US,BA,No dietary restrictions,No goals,High,Healthy,Male,Sloppy Joes II
134,b25_35,US,BA,Vegetarian,Eat more vegetables,Medium,Very_Healthy,Female,Sausage' Peppers' Onions' and Potato Bake
135,b25_35,US,BA,"Halal, Kosher, Lactose intolerance","Eat more protein,Eat more vegetables",Medium,Healthy,Male,Champagne Shrimp and Pasta
136,b45_55,US,MSc,Vegetarian,No goals,High,Healthy,Male,Italian Subs - Restaurant Style
137,b25_35,US,MSc,Vegetarian,Eat more fruit,High,Very_Healthy,Male,Queenie's Killer Tomato Bagel Sandwich
138,b45_55,US,MSc,No dietary restrictions,"Eat more fruit,Eat more protein,Eat more vegetables,Gain weight",Medium,Neither_healthy_no_unhealthy,Female,Chicken Asparagus Roll-Ups
139,b25_35,US,BA,No dietary restrictions,Eat more protein,High,Very_Healthy,Male,Kickin' London Broil with Bleu Cheese Butter
140,b35_45,US,BA,No dietary restrictions,No goals,Low,Neither_healthy_no_unhealthy,Male,Bacon Jack Chicken Sandwich
141,b35_45,US,MSc,"Diabetes, Vegetarian","Eat less sugar,Eat more protein",High,Healthy,Female,Simple Carnitas
142,b35_45,US,High_school,No dietary restrictions,"Eat less salt,Eat less sugar,Gain weight",Low,Healthy,Male,Simple Carnitas
143,b25_35,US,High_school,No dietary restrictions,No goals,Medium,Healthy,Male,Charley's Slow Cooker Mexican Style Meat
144,b45_55,US,BA,Diabetes,No goals,High,Very_Healthy,Female,Queenie's Killer Tomato Bagel Sandwich
145,b25_35,US,BA,Vegetarian,Eat less sugar,High,Healthy,Female,Queenie's Killer Tomato Bagel Sandwich
146,b25_35,US,BA,Vegetarian,Eat more fruit,Medium,Very_Healthy,Female,Pico de Gallo Chicken Quesadillas
147,bover_55,US,BA,No dietary restrictions,Lose weight,Medium,Healthy,Female,Slow Cooker Cilantro Lime Chicken
148,b25_35,US,BA,"Halal, Kosher, Vegetarian","Eat less sugar,Eat more fruit,Eat more protein",High,Healthy,Female,Soul Smothered Chicken
149,b35_45,US,BA,Pescatarian,Eat more fruit,High,Healthy,Female,Marinated Grilled Shrimp
150,b18_24,US,BA,Vegetarian,"Eat more fruit,Eat more protein,Gain weight",Medium,Neither_healthy_no_unhealthy,Male,Grilled Tilapia with Mango Salsa
151,b45_55,US,MSc,Vegetarian,No goals,High,Very_Healthy,Female,Firecracker Grilled Alaska Salmon
152,b45_55,US,High_school,No dietary restrictions,No goals,High,Healthy,Male,Queenie's Killer Tomato Bagel Sandwich
153,b25_35,US,MSc,Vegetarian,"Eat more fruit,Eat more protein,Eat more vegetables",High,Healthy,Male,Italian Sausage' Peppers' and Onions
154,b25_35,US,BA,No dietary restrictions,No goals,High,Neither_healthy_no_unhealthy,Male,Linguine Pasta with Shrimp and Tomatoes
155,b45_55,US,High_school,No dietary restrictions,No goals,Low,Neither_healthy_no_unhealthy,Female,Stuffed Shells III
156,b25_35,US,High_school,No dietary restrictions,No goals,Medium,Healthy,Male,Best Tuna Melt (New Jersey Diner Style)
157,bover_55,US,High_school,Vegetarian,No goals,Medium,Healthy,Male,Queenie's Killer Tomato Bagel Sandwich
158,bover_55,US,High_school,No dietary restrictions,No goals,Medium,Healthy,Female,Spinach Quiche
159,b25_35,US,MSc,Diabetes,Eat more vegetables,High,Healthy,Male,Sausage' Peppers' Onions' and Potato Bake
1018,b25_35,US,High_school,No Dietary Restrictions,No goals,Medium,Healthy,Female,Farmer's Market Vegetarian Quesadillas
1019,b25_35,US,High_school,"Lactose intolerance, Other",Lose weight,Medium,Neither_healthy_no_unhealthy,Female,Linguine Pasta with Shrimp and Tomatoes
1020,b25_35,US,BA,No Dietary Restrictions,"Eat less sugar,Eat more protein,Lose weight",Very_Low,Unhealthy,Male,Three Cheese Manicotti II
1021,bover_55,US,High_school,Diabetes,"Eat less sugar,Lose weight",High,Unhealthy,Female,Ray's Chicken
1022,b35_45,US,BA,No Dietary Restrictions,"Eat less sugar,Lose weight",Medium,Neither_healthy_no_unhealthy,Male,Kickin' London Broil with Bleu Cheese Butter
1023,b45_55,US,High_school,No Dietary Restrictions,Lose weight,High,Healthy,Female,Cajun Chicken Pasta
1024,bover_55,US,BA,Lactose intolerance,"Eat more protein,Eat more vegetables,Lose weight",Medium,Neither_healthy_no_unhealthy,Female,Bow Ties with Sausage' Tomatoes and Cream
1025,b35_45,US,High_school,"Gluten-free, Vegetarian",Lose weight,Very High,Very_Healthy,Male,Pizza On The Grill I
1026,b25_35,US,BA,No Dietary Restrictions,Eat less sugar,Medium,Healthy,Male,Simple Carnitas
1027,b25_35,US,BA,No Dietary Restrictions,No goals,High,Healthy,Male,Roast Sticky Chicken-Rotisserie Style
1028,b35_45,US,BA,No Dietary Restrictions,Lose weight,Low,Unhealthy,Male,Dijon-Tarragon Cream Chicken
1031,b25_35,US,BA,No Dietary Restrictions,Eat more vegetables,High,Healthy,refuse_to_disc,Marinated Grilled Shrimp
1032,b25_35,US,BA,Halal,"Eat less sugar,Eat more protein,Eat more vegetables",Very_Low,Neither_healthy_no_unhealthy,Male,Filet Mignon with Rich Balsamic Glaze
1035,b25_35,US,MSc,Vegetarian,Eat more vegetables,Medium,Very_Healthy,Male,Simple Carnitas
1037,b35_45,US,High_school,No Dietary Restrictions,No goals,Medium,Unhealthy,Male,Grilled Flat Iron Steak with Blue Cheese-Chive Butter
1038,b25_35,US,BA,No Dietary Restrictions,"Eat less sugar,Eat more fruit,Eat more protein,Eat more vegetables",Medium,Healthy,Male,Chicken and Bacon Shish Kabobs
1040,b25_35,US,BA,No Dietary Restrictions,No goals,High,Very_Healthy,Female,Chicken and Bacon Shish Kabobs
1041,b35_45,US,High_school,"Gluten-free, Lactose intolerance, Vegetarian","Eat more fruit,Eat more vegetables,Lose weight",High,Healthy,Female,Spinach and Feta Pita Bake
1042,b35_45,US,BA,No Dietary Restrictions,No goals,High,Healthy,Male,Asian Beef Skewers
1044,b45_55,US,BA,Vegetarian,Eat more fruit,Medium,Healthy,Female,Coconut Shrimp I
1045,b25_35,US,BA,Vegetarian,Eat less sugar,Low,Neither_healthy_no_unhealthy,Male,California Grilled Veggie Sandwich
1055,b25_35,US,High_school,No Dietary Restrictions,"Eat more fruit,Eat more vegetables,Lose weight",Medium,Neither_healthy_no_unhealthy,Male,Three Cheese Manicotti II
1056,b25_35,US,BA,No Dietary Restrictions,"Eat less sugar,Eat more protein,Lose weight",High,Neither_healthy_no_unhealthy,Male,Scott Hibb's Amazing Whisky Grilled Baby Back Ribs
1057,b45_55,US,High_school,No Dietary Restrictions,"Eat more vegetables,Lose weight",High,Healthy,Female,Linguine Pasta with Shrimp and Tomatoes
1066,b25_35,US,BA,"Lactose intolerance, Pescatarian, Vegetarian","Eat less salt,Eat less sugar,Eat more fruit",Medium,Very_Healthy,Male,Baked Ziti I
1067,b25_35,US,BA,No Dietary Restrictions,"Eat less sugar,Eat more fruit",High,Healthy,Male,Coconut Shrimp I
1068,b45_55,US,BA,Lactose intolerance,No goals,High,Neither_healthy_no_unhealthy,Female,Stuffed Shells I
1069,b35_45,US,BA,No Dietary Restrictions,No goals,High,Neither_healthy_no_unhealthy,Female,Teena's Spicy Pesto Chicken and Pasta
1070,b35_45,US,BA,No Dietary Restrictions,Eat less sugar,Medium,Healthy,Female,Pizza On The Grill I
1071,b25_35,US,MSc,"Gluten-free, Halal, Kosher","Eat less salt,Eat less sugar,Eat more fruit,Eat more protein",Very High,Very_Healthy,Male,Chipotle Shrimp Tacos
1073,bover_55,US,MSc,Diabetes,No goals,High,Healthy,Male,Honey Glazed Ham
1074,b25_35,US,High_school,No Dietary Restrictions,"Eat more fruit,Eat more vegetables",Medium,Neither_healthy_no_unhealthy,Male,Kickin' London Broil with Bleu Cheese Butter
1076,bover_55,US,BA,No Dietary Restrictions,Lose weight,Medium,Neither_healthy_no_unhealthy,Female,Baked Ziti I
1077,b35_45,US,BA,No Dietary Restrictions,"Eat more fruit,Eat more vegetables",Medium,Neither_healthy_no_unhealthy,Male,Stuffed Shells III
1078,b25_35,US,BA,No Dietary Restrictions,Lose weight,Medium,Neither_healthy_no_unhealthy,Female,Pizza On The Grill I
1082,b25_35,US,High_school,No Dietary Restrictions,"Eat less sugar,Eat more protein",Medium,Neither_healthy_no_unhealthy,Male,Souvlaki
1084,b35_45,US,High_school,No Dietary Restrictions,Lose weight,Medium,Neither_healthy_no_unhealthy,Female,Kickin' London Broil with Bleu Cheese Butter
1087,b25_35,US,BA,"Diabetes, Vegetarian","Eat less salt,Eat less sugar,Eat more fruit,Eat more vegetables",Medium,Healthy,Male,Italian Subs - Restaurant Style
1088,b25_35,US,BA,No Dietary Restrictions,No goals,Very High,Very_Healthy,Male,Baked Halibut Steaks
1091,b45_55,US,BA,Halal,Eat less salt,High,Healthy,Male,Coconut Shrimp I
1100,b25_35,US,BA,No Dietary Restrictions,No goals,Medium,Healthy,Male,Crustless Spinach Quiche
1101,b25_35,US,BA,No Dietary Restrictions,No goals,Medium,Healthy,Male,Grilled Sausage with Potatoes and Green Beans
1102,b25_35,US,BA,Halal,Eat more fruit,Medium,Very_Healthy,Male,Bow Ties with Sausage' Tomatoes and Cream
1103,b35_45,US,High_school,"Halal, Kosher","Eat more fruit,Eat more protein",Very High,Healthy,Male,Scott Hibb's Amazing Whisky Grilled Baby Back Ribs
1104,b25_35,US,MSc,No Dietary Restrictions,No goals,Medium,Healthy,Female,Charley's Slow Cooker Mexican Style Meat
1105,b45_55,US,High_school,No Dietary Restrictions,No goals,Very High,Healthy,Female,Spinach and Feta Turkey Burgers
1106,b25_35,US,BA,No Dietary Restrictions,No goals,High,Healthy,Male,G's Flank Steak Marinade
1107,bover_55,US,High_school,No Dietary Restrictions,"Eat more vegetables,Lose weight",Medium,Unhealthy,Female,Bacon Wrapped Pork Medallions
1108,b25_35,US,BA,Vegetarian,Eat more fruit,Very High,Very_Healthy,Male,Pizza On The Grill I
1109,b25_35,US,MSc,No Dietary Restrictions,No goals,High,Healthy,Male,Beef Stroganoff III
1110,b45_55,US,BA,No Dietary Restrictions,Lose weight,Low,Unhealthy,Male,Souvlaki
1111,b25_35,US,BA,No Dietary Restrictions,"Eat less sugar,Eat more fruit,Eat more protein,Eat more vegetables",Medium,Healthy,Female,Simple Carnitas
1112,b25_35,US,BA,No Dietary Restrictions,"Eat more protein,Eat more vegetables",Medium,Healthy,Male,Kalua Pig in a Slow Cooker
1115,b25_35,US,High_school,Gluten-free,"Eat less sugar,Eat more vegetables,Lose weight",Medium,Healthy,Female,Italian Sausage' Peppers' and Onions
1116,b25_35,US,MSc,No Dietary Restrictions,Eat less sugar,Medium,Healthy,Male,Champagne Shrimp and Pasta
1118,b25_35,US,BA,"Lactose intolerance, Pescatarian, Vegetarian","Eat less salt,Eat less sugar",High,Healthy,Male,Bow Ties with Sausage' Tomatoes and Cream
1122,b35_45,US,MSc,No Dietary Restrictions,"No goals,Eat more vegetables",Medium,Healthy,Male,Simple Carnitas
1123,b25_35,US,BA,No Dietary Restrictions,No goals,Medium,Very_Healthy,Male,Chicken Pot Pie IX
1129,b25_35,US,BA,No Dietary Restrictions,No goals,Medium,Very_Healthy,Male,Sensational Sirloin Kabobs
1130,b35_45,US,MSc,No Dietary Restrictions,No goals,Medium,Very_Healthy,Male,Coconut Shrimp I
1131,b35_45,US,MSc,No Dietary Restrictions,No goals,Medium,Unhealthy,Male,Scott Hibb's Amazing Whisky Grilled Baby Back Ribs
1132,b25_35,US,High_school,No Dietary Restrictions,"Eat less sugar,Lose weight",Medium,Unhealthy,Female,Chicken Pot Pie IX
1133,b25_35,US,MSc,"No Dietary Restrictions, Pescatarian, Vegetarian","Eat less salt,Eat more protein",Medium,Healthy,Male,Braised Corned Beef Brisket
1134,b18_24,US,BA,No Dietary Restrictions,"Eat more protein,Eat more vegetables",Medium,Healthy,Female,BBQ Pork for Sandwiches
1135,b18_24,US,BA,"Diabetes, Kosher, Pescatarian","Eat less salt,Eat more fruit,Eat more vegetables",High,Healthy,Male,Baked Halibut Steaks
1136,b25_35,US,BA,"Halal, Pescatarian",Eat more fruit,High,Healthy,Female,Coconut Shrimp I
1137,b45_55,US,High_school,No Dietary Restrictions,No goals,Low,Healthy,Male,Tangy Turkey and Swiss Sandwiches
1138,b25_35,US,BA,Diabetes,Eat more fruit,Very High,Healthy,Female,Italian Subs - Restaurant Style
1139,b45_55,US,BA,Diabetes,Eat more fruit,Very High,Healthy,Female,Pizza On The Grill I
1140,b35_45,US,MSc,No Dietary Restrictions,"Eat less sugar,Eat more vegetables",Very High,Healthy,Female,Stuffed Peppers My Way
1141,b25_35,US,BA,No Dietary Restrictions,"Eat more fruit,Eat more protein,Eat more vegetables",High,Very_Healthy,Male,Farmer's Market Vegetarian Quesadillas
1142,b35_45,US,High_school,No Dietary Restrictions,"Eat less sugar,Lose weight",Medium,Neither_healthy_no_unhealthy,Male,Lamb Chops with Balsamic Reduction
1143,b35_45,US,BA,No Dietary Restrictions,No goals,Medium,Neither_healthy_no_unhealthy,Male,Pizza On The Grill I
1144,b45_55,US,High_school,Vegetarian,"Eat more protein,Eat more vegetables,Gain weight",High,Healthy,Male,Pizza On The Grill I
1145,b25_35,US,BA,No Dietary Restrictions,No goals,Very_Low,Very_unhealthy,Male,Cuban Midnight Sandwich
1146,b35_45,US,MSc,Vegetarian,"Eat less sugar,Eat more fruit,Eat more protein,Eat more vegetables",Very High,Very_Healthy,Male,Grilled Sausage with Potatoes and Green Beans
1147,b25_35,US,BA,Vegetarian,Gain weight,Medium,Healthy,Male,Linguine Pasta with Shrimp and Tomatoes
1148,b35_45,US,BA,"Diabetes, Halal","Eat less salt,Eat less sugar,Eat more fruit,Eat more vegetables",High,Healthy,Female,Baked Halibut Steaks
1149,b25_35,US,High_school,No Dietary Restrictions,Lose weight,High,Healthy,Male,Scott Hibb's Amazing Whisky Grilled Baby Back Ribs
1150,bover_55,US,MSc,Vegetarian,"Eat less sugar,Eat more fruit,Eat more protein,Eat more vegetables",Very High,Very_Healthy,Female,Bow Ties with Sausage' Tomatoes and Cream
1152,bover_55,US,MSc,No Dietary Restrictions,"Eat less sugar,Eat more fruit,Eat more vegetables",High,Healthy,Female,Pico de Gallo Chicken Quesadillas
1153,bover_55,US,High_school,No Dietary Restrictions,"Eat more fruit,Eat more vegetables",Medium,Healthy,Female,Stuffed Peppers My Way
1154,b25_35,US,High_school,No Dietary Restrictions,"Eat less sugar,Eat more vegetables,Lose weight",High,Neither_healthy_no_unhealthy,Female,Easy Chicken Satay
1155,b35_45,US,BA,No Dietary Restrictions,"Eat more protein,Lose weight",High,Very_Healthy,Female,Coconut Shrimp I
1157,bover_55,US,BA,No Dietary Restrictions,"Eat less sugar,Eat more fruit",Medium,Neither_healthy_no_unhealthy,Male,Kielbasa with Peppers and Potatoes
1158,b45_55,US,BA,Vegetarian,"Eat more fruit,Eat more protein,Eat more vegetables",Medium,Healthy,Female,California Grilled Veggie Sandwich
1159,bover_55,US,MSc,Diabetes,"Eat less sugar,Lose weight",Medium,Neither_healthy_no_unhealthy,Male,Clam Sauce with Linguine
1160,b25_35,US,BA,No Dietary Restrictions,Eat more vegetables,Medium,Neither_healthy_no_unhealthy,Female,Asian Beef Skewers
1161,b25_35,US,BA,No Dietary Restrictions,No goals,Medium,Neither_healthy_no_unhealthy,Female,Pizza On The Grill I
1162,bover_55,US,BA,Halal,Eat more vegetables,Very High,Very_Healthy,Female,Easy Chicken Satay
1163,b35_45,US,BA,Vegetarian,"Eat more fruit,Eat more protein",High,Healthy,Female,California Grilled Veggie Sandwich
1164,b25_35,UM,BA,No Dietary Restrictions,"Eat less sugar,Eat more protein",Medium,Healthy,Female,Peppered Shrimp Alfredo
1165,b45_55,US,MSc,"Diabetes, Vegetarian","Eat more fruit,Eat more protein,Eat more vegetables",Very High,Very_Healthy,Female,Chicken and Bacon Shish Kabobs
1166,b25_35,US,BA,No Dietary Restrictions,"Eat more fruit,Eat more vegetables",High,Healthy,Female,Chicken Souvlaki Gyro Style
1167,b35_45,US,High_school,No Dietary Restrictions,Lose weight,Medium,Healthy,Male,Quick Chicken Piccata
1168,b45_55,US,BA,Vegetarian,"Eat less sugar,Eat more protein,Eat more vegetables",Medium,Healthy,Male,Tasty Lentil Tacos
1169,b35_45,US,BA,Vegetarian,Eat more fruit,High,Neither_healthy_no_unhealthy,Female,California Grilled Veggie Sandwich
1170,b35_45,US,High_school,No Dietary Restrictions,"Eat less salt,Eat less sugar,Eat more fruit,Eat more vegetables,Lose weight",Medium,Neither_healthy_no_unhealthy,Male,Spinach and Feta Turkey Burgers
1171,b45_55,US,BA,Vegetarian,"Eat more fruit,Eat more protein,Eat more vegetables",Medium,Healthy,Female,Sausage' Peppers' Onions' and Potato Bake
1172,b35_45,US,High_school,"Gluten-free, Lactose intolerance, Other","Eat more protein,Lose weight",Medium,Very_Healthy,Female,Farmer's Market Vegetarian Quesadillas
2009,b35_45,US,BA,No dietary restrictions,"Eat less sugar,Eat more protein,Eat more vegetables",Very High,Healthy,Female,Simple Carnitas
2010,b25_35,US,BA,"Halal, Lactose intolerance","Eat less sugar,Eat more fruit",Medium,Healthy,Male,Sesame Seared Tuna
2011,b18_24,US,MSc,No dietary restrictions,No goals,Very High,Very_Healthy,Female,World's Best Lasagna
2012,b35_45,US,BA,Diabetes,"Eat less sugar,Eat more fruit",Medium,Neither_healthy_no_unhealthy,Female,Baby Back Ribs
2013,b25_35,US,BA,No dietary restrictions,No goals,Low,Neither_healthy_no_unhealthy,Male,Garlic Prime Rib
2014,b35_45,US,BA,No dietary restrictions,Eat less sugar,Low,Neither_healthy_no_unhealthy,Female,Easy Chicken Satay
2015,b25_35,US,BA,Vegetarian,"Eat less salt,Eat less sugar,Eat more fruit,Eat more vegetables",Very_Low,Very_Healthy,Male,Pizza On The Grill I
2016,b45_55,US,High_school,No dietary restrictions,Lose weight,Medium,Healthy,Female,Firecracker Grilled Alaska Salmon
2018,b35_45,US,MSc,No dietary restrictions,No goals,Medium,Very_Healthy,Male,Grilled Tilapia with Mango Salsa
2021,b35_45,US,BA,Vegetarian,Lose weight,Medium,Healthy,Female,Spinach and Feta Pita Bake
2022,b25_35,US,Less_high_school,No dietary restrictions,Lose weight,Low,Neither_healthy_no_unhealthy,Male,Smoky Grilled Pork Chops
2023,b25_35,US,High_school,Pescatarian,"Eat less sugar,Eat more vegetables,Lose weight",Very High,Healthy,Female,Spinach and Feta Pita Bake
2024,b25_35,US,BA,No dietary restrictions,No goals,High,Healthy,Male,Italian Subs - Restaurant Style
2025,b35_45,US,BA,No dietary restrictions,Eat more protein,High,Healthy,Female,World's Best Lasagna
2026,b25_35,US,MSc,No dietary restrictions,"Eat more fruit,Eat more protein,Eat more vegetables,Lose weight",High,Very_Healthy,Female,Sausage' Peppers' Onions' and Potato Bake
2027,b45_55,US,MSc,No dietary restrictions,"Eat less sugar,Eat more protein",High,Healthy,Male,Lamb Chops with Balsamic Reduction
2031,b45_55,US,High_school,Diabetes,Eat less sugar,Medium,Neither_healthy_no_unhealthy,Female,Sensational Sirloin Kabobs
2043,b25_35,US,BA,Vegetarian,No goals,Low,Healthy,Female,California Grilled Veggie Sandwich
2044,b25_35,US,MSc,No dietary restrictions,"Eat less sugar,Eat more fruit,Eat more protein,Eat more vegetables,Lose weight",High,Very_Healthy,Female,Chicken Marsala Florentine
2045,b35_45,US,BA,Vegetarian,Eat more vegetables,Medium,Healthy,Female,Spinach and Feta Pita Bake
2046,b25_35,US,BA,Lactose intolerance,"Eat more fruit,Eat more vegetables",High,Healthy,Female,Quick Chicken Piccata
2047,b25_35,US,BA,No dietary restrictions,No goals,Medium,Neither_healthy_no_unhealthy,Male,Lamb Chops with Balsamic Reduction
2048,b45_55,US,MSc,"Lactose intolerance, Pescatarian, Vegetarian",Eat less sugar,Medium,Healthy,Male,Chicken Scarpariello
2049,bover_55,US,MSc,Allergies,No goals,Very High,Healthy,Female,Foolproof Rib Roast
2050,b35_45,US,MSc,"No dietary restrictions, Diabetes, Gluten free, Halal, Kosher, Lactose intolerance, Pescatarian, Vegetarian, Allergies","Eat less salt,Eat less sugar,Eat more fruit,Eat more protein,Eat more vegetables",Very High,Healthy,Female,Pico de Gallo Chicken Quesadillas
2051,b35_45,US,BA,No dietary restrictions,No goals,High,Healthy,Male,Authentic Louisiana Red Beans and Rice
2053,b35_45,US,BA,No dietary restrictions,No goals,High,Healthy,Female,Spinach and Feta Turkey Burgers
2054,b25_35,US,BA,No dietary restrictions,No goals,High,Healthy,Female,Kathy's Roast and Vegetables
2055,b18_24,US,BA,Gluten free,Eat less sugar,Medium,Healthy,Male,Simple Carnitas
2056,b25_35,US,BA,No dietary restrictions,"Eat less salt,Eat less sugar,Eat more protein,Lose weight",Very High,Unhealthy,Female,Garlic Prime Rib
2057,b35_45,US,High_school,No dietary restrictions,No goals,Very_Low,Very_unhealthy,Male,Easy Chicken Enchiladas
2058,b25_35,US,High_school,No dietary restrictions,"Eat less sugar,Lose weight",Low,Neither_healthy_no_unhealthy,Male,Sarge's EZ Pulled Pork BBQ
2060,b25_35,US,BA,No dietary restrictions,No goals,Low,Neither_healthy_no_unhealthy,Male,Pork Chops Stuffed with Smoked Gouda and Bacon
2061,b35_45,US,MSc,"No dietary restrictions, Vegetarian",No goals,Medium,Very_Healthy,Female,Spinach and Feta Pita Bake
2062,b25_35,US,BA,No dietary restrictions,Eat less salt,Very High,Very_Healthy,Male,Marinated Grilled Shrimp
2063,b25_35,US,BA,No dietary restrictions,No goals,Medium,Healthy,Female,Sausage' Peppers' Onions' and Potato Bake
2064,b35_45,US,BA,No dietary restrictions,Eat less salt,Medium,Healthy,Male,Baked Ziti IV
2065,bover_55,US,BA,No dietary restrictions,"Eat less salt,Eat less sugar,Eat more fruit,Eat more protein,Eat more vegetables,Lose weight",Low,Healthy,Male,Queenie's Killer Tomato Bagel Sandwich
2066,b35_45,US,BA,Allergies,Lose weight,High,Healthy,Female,Chicken Scarpariello
2067,b45_55,US,BA,Lactose intolerance,"Eat less sugar,Lose weight",Medium,Neither_healthy_no_unhealthy,Female,Foolproof Rib Roast
2068,b25_35,US,BA,No dietary restrictions,Eat less sugar,High,Healthy,Female,Simple BBQ Ribs
2069,b45_55,US,High_school,No dietary restrictions,No goals,Very High,Healthy,Male,Breakfast Sausage
2070,b35_45,US,High_school,No dietary restrictions,No goals,Medium,Unhealthy,Male,Pork Chops Stuffed with Smoked Gouda and Bacon
2071,b25_35,US,BA,No dietary restrictions,No goals,Low,Unhealthy,Female,Crispy Fried Chicken
2072,bover_55,US,MSc,Diabetes,"Eat more fruit,Eat more protein,Eat more vegetables",Very High,Healthy,Female,Marinated Grilled Shrimp
2075,b25_35,US,High_school,No dietary restrictions,Eat less sugar,Medium,Neither_healthy_no_unhealthy,Male,Coconut Shrimp I
2076,bover_55,US,High_school,No dietary restrictions,No goals,High,Healthy,Female,Baked Halibut Steaks
2077,b25_35,US,BA,Lactose intolerance,Lose weight,High,Healthy,Male,Rosemary Chicken with Orange-Maple Glaze
2078,b25_35,US,BA,No dietary restrictions,No goals,High,Healthy,Male,Roasted Rack of Lamb
2080,b25_35,US,MSc,Vegetarian,Eat less sugar,High,Healthy,Male,Coconut Shrimp I
2081,b35_45,US,BA,Gluten free,Lose weight,Low,Neither_healthy_no_unhealthy,Female,Boiled Chicken
2082,b45_55,US,MSc,Vegetarian,Eat less salt,Medium,Healthy,Male,Tomato Chicken Parmesan
2083,b45_55,US,MSc,"Vegetarian, Allergies","Eat less salt,Eat less sugar,Eat more fruit,Eat more protein,Eat more vegetables",High,Healthy,Male,Farmer's Market Vegetarian Quesadillas
2084,b25_35,US,MSc,No dietary restrictions,Eat more protein,High,Healthy,Male,Garlic Prime Rib
2085,b25_35,US,BA,No dietary restrictions,No goals,Medium,Neither_healthy_no_unhealthy,Male,BBQ NY Strip
2086,b45_55,US,MSc,No dietary restrictions,No goals,Low,Healthy,Male,Teena's Spicy Pesto Chicken and Pasta
2087,b35_45,US,BA,Lactose intolerance,"Eat less sugar,Eat more vegetables,Lose weight",Medium,Neither_healthy_no_unhealthy,Female,Mom's Favorite Baked Mac and Cheese
2088,b25_35,US,High_school,No dietary restrictions,Lose weight,Very High,Healthy,Female,Linda's Lasagna
2089,b35_45,US,MSc,Vegetarian,"Eat less salt,Eat more fruit,Eat more vegetables,Lose weight",High,Very_Healthy,Male,Authentic Louisiana Red Beans and Rice
2090,b25_35,US,BA,No dietary restrictions,No goals,Medium,Healthy,Female,Sausage' Peppers' Onions' and Potato Bake
2091,bover_55,US,BA,"Diabetes, Allergies","Eat more protein,Eat more vegetables,Gain weight",High,Very_Healthy,Female,Simple Carnitas
2092,b25_35,US,High_school,No dietary restrictions,"Eat less sugar,Eat more vegetables",Medium,Neither_healthy_no_unhealthy,Female,Kickin' London Broil with Bleu Cheese Butter
2093,bover_55,US,BA,"Halal, Pescatarian","Eat less sugar,Eat more fruit",Very High,Very_Healthy,Male,Souvlaki
2094,bover_55,US,Doctorate,No dietary restrictions,"Eat less salt,Eat less sugar,Lose weight",Medium,Healthy,Female,Barbequed Ribs
2095,b35_45,US,Doctorate,No dietary restrictions,"Eat more vegetables,Lose weight",High,Healthy,Female,Grilled Tilapia with Mango Salsa
2096,b35_45,US,MSc,Vegetarian,Eat less salt,Medium,Healthy,Female,Sausage' Peppers' Onions' and Potato Bake
2097,b45_55,US,MSc,Vegetarian,"Eat more fruit,Eat more protein,Eat more vegetables,Lose weight",High,Healthy,Male,California Grilled Veggie Sandwich
2098,b25_35,US,MSc,No dietary restrictions,No goals,High,Very_Healthy,Female,Spinach and Feta Turkey Burgers
2099,b35_45,US,Doctorate,No dietary restrictions,No goals,Medium,Very_Healthy,Male,Spinach and Feta Turkey Burgers
2100,b35_45,US,BA,Diabetes,"Eat less salt,Eat less sugar,Eat more protein,Gain weight",High,Healthy,Female,Sarge's EZ Pulled Pork BBQ
2101,b25_35,US,High_school,No dietary restrictions,No goals,Medium,Neither_healthy_no_unhealthy,Male,Pico de Gallo Chicken Quesadillas
2102,b25_35,US,BA,No dietary restrictions,"Eat less sugar,Lose weight",Very High,Healthy,Female,Whit's Chicken Enchiladas
2103,b35_45,US,BA,Diabetes,"Eat less sugar,Eat more fruit,Eat more vegetables",Medium,Neither_healthy_no_unhealthy,Female,Simple Carnitas
2104,b45_55,US,BA,Diabetes,"Eat less sugar,Eat more fruit,Eat more vegetables",High,Neither_healthy_no_unhealthy,Female,Simple Carnitas
2105,b25_35,US,BA,No dietary restrictions,Lose weight,Medium,Healthy,Female,Farmer's Market Vegetarian Quesadillas
2106,bover_55,US,High_school,No dietary restrictions,"Eat less sugar,Eat more fruit",Medium,Neither_healthy_no_unhealthy,Female,Maple Salmon
2107,b35_45,US,BA,No dietary restrictions,"Eat less salt,Eat more protein,Eat more vegetables,Lose weight",High,Healthy,Male,Lamb Chops with Balsamic Reduction
2108,b45_55,US,BA,No dietary restrictions,"Eat less sugar,Eat more fruit,Eat more vegetables,Lose weight",Medium,Healthy,Male,Spinach and Feta Turkey Burgers
2109,b35_45,US,BA,Gluten free,Lose weight,Very_Low,Unhealthy,Female,Sarge's EZ Pulled Pork BBQ
2110,b45_55,US,MSc,Vegetarian,"Eat less salt,Eat less sugar",High,Healthy,Female,Grilled Marinated Shrimp
2111,b45_55,US,MSc,Vegetarian,Eat less sugar,High,Very_Healthy,Male,Pico de Gallo Chicken Quesadillas
2112,b25_35,US,BA,No dietary restrictions,"Eat less salt,Eat less sugar",Medium,Healthy,Female,Simple Country Ribs
2113,bover_55,US,BA,No dietary restrictions,Lose weight,High,Healthy,Female,Grilled Roasted Red Pepper and Ham Sandwich
2114,b25_35,US,BA,No dietary restrictions,"Eat more protein,Eat more vegetables,Gain weight",Low,Neither_healthy_no_unhealthy,Male,Best Beef Dip Ever
2115,b18_24,US,BA,No dietary restrictions,Gain weight,Medium,Neither_healthy_no_unhealthy,Male,G's Flank Steak Marinade
2118,b25_35,US,MSc,Vegetarian,Eat more fruit,Very High,Very_Healthy,Male,Pizza On The Grill I
2119,b25_35,US,BA,No dietary restrictions,Eat less sugar,Very High,Very_Healthy,Male,California Grilled Veggie Sandwich
2120,b18_24,US,High_school,No dietary restrictions,Eat less sugar,Low,Healthy,Male,Crustless Spinach Quiche
2121,b25_35,US,BA,No dietary restrictions,Eat less sugar,High,Very_Healthy,Male,Grilled Tilapia with Mango Salsa
2122,b35_45,US,BA,No dietary restrictions,"Eat less salt,Eat less sugar,Eat more fruit,Eat more protein,Eat more vegetables,Lose weight",High,Healthy,Male,Chipotle Crusted Pork Tenderloin
2123,b45_55,US,BA,No dietary restrictions,"Eat more vegetables,Lose weight",Medium,Neither_healthy_no_unhealthy,Female,Spinach and Feta Pita Bake
2124,bover_55,US,MSc,No dietary restrictions,"Eat less salt,Eat less sugar,Eat more fruit",High,Healthy,Female,Lamb Chops with Balsamic Reduction
2125,b45_55,US,BA,Vegetarian,"Eat less salt,Eat more fruit,Eat more protein,Eat more vegetables",High,Healthy,Female,California Grilled Veggie Sandwich
2126,bover_55,US,MSc,No dietary restrictions,"Eat less salt,Eat less sugar,Eat more fruit,Eat more vegetables",High,Healthy,Female,Sausage' Peppers' Onions' and Potato Bake
2127,b25_35,US,BA,Vegetarian,Eat more fruit,Very High,Very_Healthy,Male,Farmer's Market Vegetarian Quesadillas
2128,b45_55,US,BA,No dietary restrictions,"Eat less salt,Eat more fruit",Medium,Healthy,Male,Sarge's EZ Pulled Pork BBQ
2129,b25_35,US,MSc,Halal,Eat less salt,Medium,Healthy,Male,Baked Halibut Steaks
2130,b45_55,US,BA,Vegetarian,"Eat more protein,Eat more vegetables",High,Healthy,Male,Garden Veggie Pizza Squares
2131,b45_55,US,BA,No dietary restrictions,"Eat more fruit,Eat more protein,Eat more vegetables",Very High,Very_Healthy,Female,Farmer's Market Vegetarian Quesadillas
2132,b25_35,US,High_school,Diabetes,Eat less sugar,High,Healthy,Male,Coconut Shrimp I
3267,b25_35,GB,MSc,,,,,Female,Italian Sausage' Peppers' and Onions
3266,bover_55,GB,BA,,,,,Female,Pizza On The Grill I
3265,b18_24,GB,BA,,,,,Male,Simple Country Ribs
3264,bover_55,GB,BA,,,,,Female,Spicy Grilled Shrimp
3263,bover_55,GB,High_school,,,,,Female,Pork Chops with Fresh Tomato' Onion' Garlic' and Feta
3262,b25_35,GB,BA,,,,,Female,Teena's Spicy Pesto Chicken and Pasta
3261,b35_45,GB,BA,,,,,Female,Sweet' Sticky and Spicy Chicken
3260,b25_35,GB,BA,,,,,Male,Barbequed Ribs
3259,b25_35,GB,High_school,,,,,Male,Easy Herb Roasted Turkey
3258,b25_35,GB,BA,,,,,Male,Tex-Mex Burger with Cajun Mayo
3257,b35_45,GB,High_school,,,,,Female,Cajun Chicken Pasta
3256,bover_55,GB,BA,,,,,Female,Smothered Filet Mignon
3249,bover_55,GB,High_school,,,,,Female,Chicken Souvlaki Gyro Style
3248,b25_35,GB,Doctorate,,,,,Female,Chipotle Crusted Pork Tenderloin
3245,b45_55,GB,High_school,,,,,Female,Marinated Grilled Shrimp
3237,b35_45,GB,Doctorate,,,,,Female,Juicy Lucy Burgers
3233,b45_55,GB,High_school,,,,,Male,Garlic Prime Rib
3218,b35_45,GB,Doctorate,,,,,Female,G's Flank Steak Marinade
3210,b25_35,GB,High_school,,,,,Female,Spicy Grilled Shrimp
3200,bover_55,GB,Less_high_school,,,,,Female,Beer Butt Chicken
3198,b35_45,GB,High_school,,,,,Female,Spinach Tomato Tortellini
3194,b25_35,GB,BA,,,,,Female,Lamb Chops with Balsamic Reduction
3193,b18_24,GB,High_school,,,,,Female,Cajun Chicken Pasta
3191,b35_45,GB,BA,,,,,Female,Coconut Shrimp I
3189,b45_55,GB,BA,,,,,Male,Sarge's EZ Pulled Pork BBQ
3188,b25_35,GB,High_school,,,,,Female,Italian Sausage' Peppers' and Onions
3187,b25_35,GB,MSc,,,,,Female,Salmon with Lemon and Dill
3186,b25_35,GB,BA,,,,,Female,Shoyu Chicken
3185,b45_55,GB,BA,,,,,Male,Garden Veggie Pizza Squares
3184,b25_35,GB,High_school,,,,,Female,Best Beef Dip Ever
3183,b25_35,GB,BA,,,,,Female,Bow Ties with Sausage' Tomatoes and Cream
3182,b25_35,GB,BA,,,,,Male,Scott Hibb's Amazing Whisky Grilled Baby Back Ribs
3181,b25_35,GB,BA,,,,,Male,Sarge's EZ Pulled Pork BBQ
3180,b18_24,GB,BA,,,,,Male,Herb Roasted Pork
3179,bover_55,GB,MSc,,,,,Female,Zippy Summer Shrimp
3177,b18_24,GB,High_school,,,,,Female,Teena's Spicy Pesto Chicken and Pasta
3176,b35_45,GB,High_school,,,,,Female,Linguine Pasta with Shrimp and Tomatoes
3172,b25_35,GB,BA,,,,,Male,Pizza On The Grill I
3171,b18_24,GB,BA,,,,,Female,Herb Roasted Pork
3170,bover_55,GB,BA,,,,,Female,Oven Fried Parmesan Chicken
3169,b25_35,GB,BA,,,,,Male,Souvlaki
3168,b25_35,GB,High_school,,,,,Female,Best Tuna Melt (New Jersey Diner Style)
3167,b35_45,GB,MSc,,,,,Female,Cajun Chicken Pasta
3166,b35_45,GB,High_school,,,,,Male,Cajun Chicken Pasta
3165,b45_55,GB,BA,,,,,Female,California Grilled Veggie Sandwich
3164,b25_35,GB,High_school,,,,,Female,Marinated Grilled Shrimp
3163,b25_35,GB,BA,,,,,Female,Souvlaki
3162,b45_55,GB,BA,,,,,Female,Bacon Jack Chicken Sandwich
3161,b25_35,GB,BA,,,,,Female,Easy Chicken Satay
3160,b35_45,GB,MSc,,,,,Female,Pizza On The Grill I
3159,b25_35,GB,BA,,,,,Female,Gerry's Chicken Enchiladas
3158,bover_55,GB,High_school,,,,,Female,Cajun Chicken Pasta
3157,b18_24,GB,High_school,,,,,Female,Peppered Shrimp Alfredo
3156,b25_35,GB,High_school,,,,,Male,Pico de Gallo Chicken Quesadillas
3155,b35_45,GB,High_school,,,,,Female,Shrimp and Mushroom Linguini with Creamy Cheese Herb Sauce
3153,b18_24,GB,MSc,,,,,Female,Spinach Cheese Manicotti
3152,b35_45,GB,MSc,,,,,Male,Bacon Jack Chicken Sandwich
3151,b25_35,GB,MSc,,,,,Female,Yakisoba Chicken
3150,b35_45,GB,High_school,,,,,Female,Simple BBQ Ribs
3149,b25_35,GB,High_school,,,,,Female,Barbequed Ribs
3148,b25_35,GB,MSc,,,,,Male,Pork Chops Stuffed with Smoked Gouda and Bacon
5139,b25_35,GB,Doctorate,,,,,Female,Spinach and Feta Pita Bake
5140,b35_45,GB,High_school,,,,,Female,Breaded Chicken Fingers
5141,b45_55,GB,MSc,,,,,Female,Souvlaki
5142,b35_45,GB,High_school,,,,,Female,Pico de Gallo Chicken Quesadillas
5143,b35_45,GB,BA,,,,,Female,Garlic Chicken Fried Chicken
5144,b25_35,GB,BA,,,,,Female,Linguine Pasta with Shrimp and Tomatoes
5145,b45_55,GB,BA,,,,,Female,Chicken and Bacon Shish Kabobs
5146,b35_45,GB,BA,,,,,Female,G's Flank Steak Marinade
5147,b25_35,GB,BA,,,,,Female,Spinach and Feta Turkey Burgers
5148,b25_35,GB,BA,,,,,Male,Spinach and Feta Turkey Burgers
5149,b25_35,GB,BA,,,,,Female,Sarge's EZ Pulled Pork BBQ
5150,b45_55,GB,High_school,,,,,Female,Cajun Chicken Pasta
5151,b45_55,GB,BA,,,,,Female,Chicken Souvlaki Gyro Style
5152,b35_45,GB,MSc,,,,,Female,Cindy's Jambalaya
5153,b35_45,GB,High_school,,,,,Female,Teena's Spicy Pesto Chicken and Pasta
5154,b45_55,GB,BA,,,,,Female,Grilled Salmon I
5155,bover_55,GB,High_school,,,,,Female,Boiled Chicken
5156,b25_35,GB,BA,,,,,Female,Farmer's Market Vegetarian Quesadillas
5157,b25_35,GB,MSc,,,,,Female,Whit's Chicken Enchiladas
5158,b25_35,GB,MSc,,,,,Male,California Grilled Veggie Sandwich
5159,bover_55,GB,High_school,,,,,Female,Honey Glazed Ham
5160,b18_24,GB,High_school,,,,,Male,Sarge's EZ Pulled Pork BBQ
5161,b25_35,GB,BA,,,,,Female,Sloppy Joes II
5162,b35_45,GB,High_school,,,,,Female,Asian Beef Skewers
5163,b18_24,GB,High_school,,,,,Male,Pork Chops Stuffed with Smoked Gouda and Bacon
5164,b25_35,GB,MSc,,,,,Female,Greek Chicken Pasta
5165,b25_35,GB,BA,,,,,Female,Spinach and Feta Pita Bake
5166,bover_55,GB,High_school,,,,,Female,Chipotle Crusted Pork Tenderloin
5167,b25_35,GB,MSc,,,,,Female,Marinated Grilled Shrimp
5168,b25_35,GB,BA,,,,,Female,Teena's Spicy Pesto Chicken and Pasta
5169,b18_24,GB,High_school,,,,,Female,Spicy Chipotle Turkey Burgers
5170,b25_35,GB,High_school,,,,,Female,Barbequed Ribs
5171,b45_55,GB,BA,,,,,Female,Chipotle Crusted Pork Tenderloin
5172,b18_24,GB,High_school,,,,,Female,Cajun Chicken Pasta
5173,b35_45,GB,BA,,,,,Female,Spinach and Feta Turkey Burgers
5174,b35_45,GB,BA,,,,,Female,Chipotle Shrimp Tacos
5175,b35_45,GB,BA,,,,,Male,Tex-Mex Burger with Cajun Mayo
5176,b25_35,GB,MSc,,,,,Female,Scott Hibb's Amazing Whisky Grilled Baby Back Ribs
5177,b25_35,GB,High_school,,,,,Female,Chicken Quesadillas
5178,b45_55,GB,High_school,,,,,Female,Sausage' Peppers' Onions' and Potato Bake
5179,b35_45,GB,MSc,,,,,Female,Chicken Katsu
5180,b25_35,GB,High_school,,,,,Female,Quick and Easy Mexican Chicken
5181,b45_55,GB,BA,,,,,Female,Gourmet Mushroom Risotto
5182,b18_24,GB,BA,,,,,Female,Linguine Pasta with Shrimp and Tomatoes
5183,b25_35,GB,MSc,,,,,Female,Peppered Shrimp Alfredo
5184,b45_55,GB,High_school,,,,,Female,Grilled Pork Tenderloin
5185,b25_35,GB,BA,,,,,Female,BBQ Pork for Sandwiches
5186,b25_35,GB,BA,,,,,Male,Teena's Spicy Pesto Chicken and Pasta
5187,b25_35,GB,High_school,,,,,Female,California Grilled Veggie Sandwich
5188,b45_55,GB,High_school,,,,,Female,Spinach Tomato Tortellini
5189,b25_35,GB,Doctorate,,,,,Male,Souvlaki
5190,b18_24,GB,High_school,,,,,Female,Asian Salmon
5191,b25_35,GB,BA,,,,,Female,Chicken with Asparagus and Roasted Red Peppers
5192,b18_24,GB,BA,,,,,Male,Shoyu Chicken
5193,b25_35,GB,High_school,,,,,Female,Sarge's EZ Pulled Pork BBQ
5194,b35_45,GB,BA,,,,,Female,Spinach and Feta Pita Bake
5195,b35_45,GB,BA,,,,,Female,Souvlaki
5196,b25_35,GB,BA,,,,,Female,Linguine Pasta with Shrimp and Tomatoes
5197,b18_24,GB,High_school,,,,,Female,Chili Rellenos Casserole
5198,b35_45,GB,High_school,,,,,Male,Cajun Chicken Pasta
5199,b35_45,GB,BA,,,,,Male,Cajun Chicken Pasta
6208,b35_45,GB,High_school,,,,,Female,Slow Cooker Ham
6207,b35_45,GB,High_school,,,,,Male,Chef John's Italian Meatballs
6206,bover_55,GB,High_school,,,,,Female,World's Best Lasagna
6205,b35_45,GB,High_school,,,,,Female,World's Best Lasagna
6204,b18_24,GB,High_school,,,,,Female,Penne and Vodka Sauce
6203,b25_35,GB,BA,,,,,Female,Taqueria Style Tacos - Carne Asada
6202,b25_35,GB,High_school,,,,,Male,Alfredo Mostaccioli
6201,b45_55,GB,High_school,,,,,Female,Asian Salmon
6200,b18_24,GB,BA,,,,,Male,Bronco Burger
6198,bover_55,GB,BA,,,,,Female,Cucumber Sandwiches III
6197,b45_55,GB,MSc,,,,,Female,Garden Veggie Pizza Squares
6196,bover_55,GB,BA,,,,,Female,Zippy Summer Shrimp
6195,b18_24,GB,High_school,,,,,Female,BBQ Glazed Homemade Meatballs
6194,b25_35,GB,BA,,,,,Female,BBQ Glazed Homemade Meatballs
6193,bover_55,GB,BA,,,,,Male,Cajun Chicken Pasta
6192,b25_35,GB,High_school,,,,,Female,Ricotta Gnocchi
6191,b18_24,GB,High_school,,,,,Male,World's Best Lasagna
6190,b18_24,GB,High_school,,,,,Female,Szechwan Shrimp
6189,b18_24,GB,High_school,,,,,Male,Chicken Makhani (Indian Butter Chicken)
6188,b25_35,GB,MSc,,,,,Female,Chicken Chimichangas
6187,b25_35,GB,High_school,,,,,Male,Slider-Style Mini Burgers
6186,b18_24,GB,High_school,,,,,Female,Angela's Awesome Enchiladas
6185,b18_24,GB,High_school,,,,,Female,Real Italian Calzones
6184,b45_55,GB,BA,,,,,Male,Alfredo Mostaccioli
6183,b25_35,GB,BA,,,,,refuse_to_disc,Brisket with BBQ Sauce
6182,bover_55,GB,BA,,,,,Female,Fish Tacos
6181,b45_55,GB,High_school,,,,,Female,Chicken Makhani (Indian Butter Chicken)
6180,b35_45,GB,High_school,,,,,Female,Chicken Makhani (Indian Butter Chicken)
6179,b25_35,GB,BA,,,,,Female,Spinach and Mushroom Quesadillas
6178,bover_55,GB,BA,,,,,Female,Chef John's Italian Meatballs
6177,b18_24,GB,BA,,,,,Male,BBQ Glazed Homemade Meatballs
6176,b18_24,GB,Not,,,,,Female,Mini Ham And Cheese Rolls
6175,bover_55,GB,BA,,,,,Female,Garden Veggie Pizza Squares
6174,b18_24,GB,High_school,,,,,Female,Chef John's Italian Meatballs
6173,b35_45,GB,High_school,,,,,Female,Anna's Amazing Easy Pleasy Meatballs over Buttered Noodles
6172,bover_55,GB,High_school,,,,,Male,BBQ Glazed Homemade Meatballs
6171,b35_45,GB,High_school,,,,,Male,Pork Chalupas
6170,bover_55,GB,High_school,,,,,Female,Slider-Style Mini Burgers
6169,b45_55,GB,BA,,,,,Female,To Die For Fettuccine Alfredo
6168,b25_35,GB,BA,,,,,Female,Garden Veggie Pizza Squares
6167,b18_24,GB,BA,,,,,Male,Grilled Salmon II
6166,b35_45,GB,MSc,,,,,Female,Szechwan Shrimp
6165,b18_24,GB,High_school,,,,,Male,World's Best Lasagna
6164,b18_24,GB,High_school,,,,,Male,Slow Cooked Corned Beef for Sandwiches
6163,b25_35,GB,BA,,,,,Female,Slider-Style Mini Burgers
6162,bover_55,GB,BA,,,,,Male,Salmon Cakes II
6161,b18_24,GB,High_school,,,,,Female,Bronco Burger
6160,b25_35,GB,BA,,,,,Female,Baked Salmon Fillets Dijon
6159,b18_24,GB,MSc,,,,,Female,World's Best Lasagna
6158,b18_24,GB,High_school,,,,,Female,Chef John's Italian Meatballs
6157,bover_55,GB,MSc,,,,,Male,Cajun Chicken Pasta
6156,b25_35,GB,BA,,,,,Female,Ultimate Shrimp Scampi
6155,bover_55,GB,BA,,,,,Female,Real Italian Calzones
6154,b25_35,GB,MSc,,,,,Male,Broiled Tilapia Parmesan
6153,b25_35,GB,High_school,,,,,Female,World's Best Lasagna
6152,b25_35,GB,BA,,,,,Female,Classic Cuban Midnight (Medianoche) Sandwich
6151,b25_35,GB,BA,,,,,Female,Angela's Awesome Enchiladas
6150,b25_35,GB,High_school,,,,,Female,Rosemary Ranch Chicken Kabobs
6149,b18_24,GB,High_school,,,,,Female,Penne and Vodka Sauce
6148,b18_24,GB,BA,,,,,Female,World's Best Lasagna
8144,bover_55,GB,BA,,,,,Male,Slow Cooker Ham
8145,b35_45,GB,High_school,,,,,Female,Broiled Tilapia Parmesan
8146,b25_35,GB,BA,,,,,Female,World's Best Lasagna
8147,b25_35,GB,High_school,,,,,Male,Awesome Slow Cooker Pot Roast
8148,b25_35,GB,BA,,,,,Female,BBQ Glazed Homemade Meatballs
8149,b18_24,GB,MSc,,,,,Male,World's Best Lasagna
8150,b35_45,GB,High_school,,,,,refuse_to_disc,Slow Cooked Corned Beef for Sandwiches
8151,b45_55,GB,BA,,,,,Male,Zippy Summer Shrimp
8152,b35_45,GB,BA,,,,,Male,Anna's Amazing Easy Pleasy Meatballs over Buttered Noodles
8153,b35_45,GB,BA,,,,,Female,Fish Tacos
8154,b35_45,GB,High_school,,,,,Female,World's Best Lasagna
8155,b25_35,GB,BA,,,,,Female,Pizza Without the Red Sauce
8156,b45_55,GB,High_school,,,,,Female,Linda's Lasagna
8157,b45_55,GB,BA,,,,,Female,Cajun Chicken Pasta
8158,b45_55,GB,MSc,,,,,Male,Slider-Style Mini Burgers
8159,b45_55,GB,High_school,,,,,Female,Red Lentil Curry
8160,b45_55,GB,High_school,,,,,Female,World's Best Lasagna
8161,b45_55,GB,High_school,,,,,Female,BBQ Glazed Homemade Meatballs
8162,b35_45,GB,BA,,,,,Female,Slow Cooker Ham
8163,b35_45,GB,BA,,,,,Female,Pizza Without the Red Sauce
8164,b45_55,GB,BA,,,,,Male,Garden Veggie Pizza Squares
8165,bover_55,GB,MSc,,,,,Female,Kalua Pig in a Slow Cooker
8166,b18_24,GB,High_school,,,,,Female,Slider-Style Mini Burgers
8167,bover_55,GB,BA,,,,,Female,Slider-Style Mini Burgers
8168,b25_35,GB,BA,,,,,Female,BBQ Glazed Homemade Meatballs
8169,b35_45,GB,MSc,,,,,Female,Pizza On The Grill I
8170,b25_35,GB,MSc,,,,,refuse_to_disc,Fish Tacos
8171,b18_24,GB,High_school,,,,,Female,BBQ Glazed Homemade Meatballs
8172,b45_55,GB,BA,,,,,Female,Slider-Style Mini Burgers
8173,b45_55,GB,MSc,,,,,Female,Angela's Awesome Enchiladas
8174,b25_35,GB,BA,,,,,Male,Chef John's Italian Meatballs
8175,b45_55,GB,High_school,,,,,Male,Manicotti Alla Romana
8176,b18_24,GB,BA,,,,,refuse_to_disc,Taqueria Style Tacos - Carne Asada
8177,bover_55,GB,MSc,,,,,refuse_to_disc,Easy Herb Roasted Turkey
8178,b35_45,GB,BA,,,,,Male,Slow Cooked Corned Beef for Sandwiches
8179,b18_24,GB,High_school,,,,,Female,Pizza Without the Red Sauce
8180,b18_24,GB,High_school,,,,,Female,Slider-Style Mini Burgers
8181,bover_55,GB,High_school,,,,,Female,Slider-Style Mini Burgers
8182,b18_24,GB,BA,,,,,Female,Szechwan Shrimp
8183,b18_24,GB,High_school,,,,,Female,Taqueria Style Tacos - Carne Asada
8184,b35_45,GB,High_school,,,,,Female,Manicotti Alla Romana
8185,b18_24,GB,MSc,,,,,Female,Spinach and Mushroom Quesadillas
8186,b25_35,GB,BA,,,,,Female,Chipotle Crusted Pork Tenderloin
8187,b35_45,GB,MSc,,,,,Female,Slow Cooked Corned Beef for Sandwiches
8188,b35_45,GB,High_school,,,,,Female,World's Best Lasagna
8189,b25_35,GB,High_school,,,,,Female,Zippy Summer Shrimp
8190,b45_55,GB,High_school,,,,,Female,Awesome Slow Cooker Pot Roast
8191,b18_24,GB,BA,,,,,Female,Garden Veggie Pizza Squares
8192,b25_35,GB,High_school,,,,,Female,Slow Cooked Corned Beef for Sandwiches
8193,b35_45,GB,High_school,,,,,Male,Scott Hibb's Amazing Whisky Grilled Baby Back Ribs
8194,bover_55,GB,BA,,,,,Female,Indian Chicken Curry (Murgh Kari)
8195,b25_35,GB,High_school,,,,,Female,Szechwan Shrimp
8196,b25_35,GB,BA,,,,,Female,Black Bean and Rice Enchiladas
8197,b18_24,GB,High_school,,,,,Male,Salmon with Brown Sugar Glaze
8198,b45_55,GB,High_school,,,,,Female,Taco Pizza
8199,b45_55,GB,MSc,,,,,Female,Pizza On The Grill I
8200,b45_55,GB,BA,,,,,Female,Garden Veggie Pizza Squares
8201,bover_55,GB,High_school,,,,,Female,Chef John's Italian Meatballs
8202,bover_55,GB,BA,,,,,Female,Slow Cooked Corned Beef for Sandwiches
8203,b25_35,GB,BA,,,,,Female,Garlic Prime Rib
8204,b45_55,GB,High_school,,,,,Male,Slider-Style Mini Burgers
14275,b35_45,US,BA,['No dietary restrictions'],['No goals'],Low,Unhealthy,Male,Ray's Chicken
14276,b25_35,US,High_school,['No dietary restrictions'],"['Eat less salt', 'Eat less sugar', 'Eat more fruit', 'Eat more protein', 'Eat more vegetables']",Medium,Neither_healthy_no_unhealthy,Male,Sarge's EZ Pulled Pork BBQ
14277,b35_45,US,BA,['No dietary restrictions'],['Lose weight'],Low,Neither_healthy_no_unhealthy,Male,Bow Ties with Sausage' Tomatoes and Cream
14278,b25_35,US,High_school,['No dietary restrictions'],['No goals'],High,Neither_healthy_no_unhealthy,Male,Scott Hibb's Amazing Whisky Grilled Baby Back Ribs
14280,b25_35,US,BA,['No dietary restrictions'],['Eat more fruit'],High,Healthy,Female,Pizza Without the Red Sauce
14281,b35_45,US,BA,['No dietary restrictions'],"['Eat less salt', 'Eat less sugar', 'Eat more vegetables']",High,Healthy,Male,Cajun Chicken Pasta
14282,b45_55,US,BA,['No dietary restrictions'],['Lose weight'],Medium,Healthy,Female,California Grilled Veggie Sandwich
14284,b18_24,US,BA,['Vegetarian'],"['Eat more fruit', 'Eat more protein', 'Eat more vegetables']",High,Healthy,Female,Coconut Shrimp I
14285,bover_55,US,BA,['No dietary restrictions'],"['Eat less salt', 'Eat more fruit', 'Eat more vegetables', 'Lose weight']",High,Neither_healthy_no_unhealthy,Male,Chipotle Shrimp Tacos
14287,bover_55,US,BA,['No dietary restrictions'],['Eat more vegetables'],Medium,Neither_healthy_no_unhealthy,Female,Margarita Grilled Shrimp
14290,b25_35,US,High_school,"['Halal', ' Lactose intolerance', ' Vegetarian']","['Eat less salt', 'Eat more fruit', 'Eat more vegetables']",High,Healthy,Male,Bacon Jack Chicken Sandwich
14293,b45_55,US,BA,['Diabetes'],['Lose weight'],Medium,Healthy,Male,Simple Carnitas
14294,bover_55,US,MSc,['No dietary restrictions'],['Lose weight'],Medium,Neither_healthy_no_unhealthy,Male,G's Flank Steak Marinade
14295,b25_35,US,BA,['No dietary restrictions'],['No goals'],Medium,Neither_healthy_no_unhealthy,Male,Foolproof Rib Roast
14296,b45_55,US,High_school,"['Diabetes', ' Lactose intolerance']",['Eat less sugar'],High,Healthy,Female,Chicken Asparagus Roll-Ups
14297,b18_24,US,MSc,['Vegetarian'],['Eat less sugar'],Very_Low,Very_Healthy,Female,Spinach and Feta Turkey Burgers
14324,b45_55,US,MSc,"['Lactose intolerance', ' Pescatarian', ' Vegetarian']","['Eat more fruit', 'Eat more protein', 'Eat more vegetables']",High,Healthy,Male,Goat Cheese and Spinach Turkey Burgers
14326,b25_35,US,BA,['No dietary restrictions'],['No goals'],Very High,Very_Healthy,Male,Marinated Grilled Shrimp
14327,b45_55,US,MSc,['No dietary restrictions'],"['Eat more fruit', 'Eat more protein', 'Eat more vegetables']",Medium,Neither_healthy_no_unhealthy,Female,Italian Subs - Restaurant Style
14328,b45_55,US,MSc,"['Gluten free', ' Halal', ' Pescatarian']","['Eat more fruit', 'Eat more vegetables']",High,Healthy,Female,Simple Carnitas
14329,b45_55,US,BA,['No dietary restrictions'],"['Eat less salt', 'Eat more fruit', 'Eat more vegetables', 'Lose weight']",Medium,Very_Healthy,Male,Hearty Vegetable Lasagna
14330,b45_55,AX,MSc,"['Diabetes', ' Gluten free', ' Halal', ' Kosher', ' Pescatarian', ' Vegetarian']","['Eat less salt', 'Eat less sugar', 'Eat more protein', 'Gain weight']",Low,Unhealthy,Female,Farmer's Market Vegetarian Quesadillas
14331,b45_55,US,MSc,['No dietary restrictions'],['Lose weight'],Medium,Healthy,Female,Marinated Grilled Shrimp
14332,b45_55,US,BA,['No dietary restrictions'],['No goals'],High,Healthy,Male,Dee's Roast Pork for Tacos
14333,b45_55,US,BA,['Vegetarian'],"['Eat less salt', 'Eat less sugar', 'Eat more fruit', 'Eat more protein', 'Eat more vegetables', 'Lose weight']",Very High,Healthy,Male,Souvlaki
14334,b35_45,US,BA,['No dietary restrictions'],"['Eat less sugar', 'Eat more vegetables']",High,Healthy,Female,Jalapeno Chicken II
14336,b35_45,US,BA,"['Gluten free', ' Vegetarian']","['Eat less sugar', 'Eat more fruit', 'Eat more protein', 'Eat more vegetables']",High,Very_Healthy,Male,Farmer's Market Vegetarian Quesadillas
14337,b45_55,US,BA,['Vegetarian'],['Eat less sugar'],High,Healthy,Female,Garden Veggie Pizza Squares
14338,b45_55,US,MSc,"['No dietary restrictions', ' Gluten free', ' Kosher']","['Eat less sugar', 'Eat more protein']",Medium,Healthy,Female,Kickin' London Broil with Bleu Cheese Butter
14340,b45_55,US,MSc,"['Lactose intolerance', ' Pescatarian', ' Vegetarian']","['Eat more fruit', 'Eat more protein', 'Eat more vegetables']",High,Very_Healthy,Female,Cajun Chicken Pasta
14343,b45_55,US,BA,"['Gluten free', ' Halal', ' Kosher', ' Vegetarian']","['Eat less sugar', 'Eat more fruit', 'Eat more protein']",High,Healthy,Female,Italian Subs - Restaurant Style
14344,b25_35,US,BA,['Vegetarian'],"['Eat more fruit', 'Eat more protein', 'Eat more vegetables']",High,Very_Healthy,Male,Grilled Sausage with Potatoes and Green Beans
14346,b45_55,US,MSc,['Lactose intolerance'],['Eat more fruit'],Medium,Neither_healthy_no_unhealthy,Female,Baked Teriyaki Chicken
14347,b45_55,US,MSc,"['Pescatarian', ' Vegetarian']","['Eat more fruit', 'Eat more protein', 'Eat more vegetables']",High,Very_Healthy,Male,Juicy Lucy Burgers
14348,b45_55,US,MSc,['Diabetes'],"['Eat less salt', 'Eat less sugar']",Medium,Healthy,Male,Charley's Slow Cooker Mexican Style Meat
14349,b45_55,US,MSc,['Diabetes'],"['Eat less salt', 'Eat less sugar']",Medium,Healthy,Female,Spinach Cheese Manicotti
14350,b35_45,US,BA,['Vegetarian'],['Lose weight'],High,Very_Healthy,Female,Simple Carnitas
14351,b45_55,US,BA,['Diabetes'],['No goals'],Medium,Neither_healthy_no_unhealthy,Male,Roast Sticky Chicken-Rotisserie Style
14352,b35_45,US,BA,['Vegetarian'],['Eat more fruit'],High,Healthy,Male,Kathy's Roast and Vegetables
14353,b25_35,US,BA,"['Gluten free', ' Vegetarian']",['Gain weight'],High,Healthy,Female,Spinach and Feta Turkey Burgers
14354,b45_55,US,MSc,"['Lactose intolerance', ' Vegetarian']","['Eat less sugar', 'Eat more fruit', 'Eat more protein', 'Eat more vegetables']",Medium,Neither_healthy_no_unhealthy,Female,Tomato Bacon Grilled Cheese
14355,b25_35,US,BA,['Diabetes'],['No goals'],High,Neither_healthy_no_unhealthy,Female,Easy Herb Roasted Turkey
14356,b25_35,US,MSc,['Vegetarian'],['Eat more fruit'],Very High,Very_Healthy,Male,Pizza On The Grill I
14357,b45_55,US,MSc,"['Pescatarian', ' Vegetarian']","['Eat more fruit', 'Eat more protein', 'Eat more vegetables']",High,Very_Healthy,Female,Spinach and Feta Turkey Burgers
14358,b35_45,US,High_school,['No dietary restrictions'],"['Eat more protein', 'Eat more vegetables']",Medium,Unhealthy,Male,Kickin' London Broil with Bleu Cheese Butter
14360,b45_55,US,BA,"['Halal', ' Kosher', ' Lactose intolerance', ' Pescatarian']","['Eat more fruit', 'Eat more protein']",High,Very_Healthy,Female,Italian Subs - Restaurant Style
14361,b45_55,US,MSc,"['Lactose intolerance', ' Pescatarian', ' Vegetarian']","['Eat more fruit', 'Eat more protein', 'Eat more vegetables']",High,Healthy,Male,Grilled Tilapia with Mango Salsa
14362,b35_45,US,BA,['No dietary restrictions'],"['Eat more fruit', 'Eat more protein', 'Eat more vegetables']",Medium,Healthy,Male,Chicken Marsala Florentine
14363,b25_35,US,BA,['No dietary restrictions'],['No goals'],Low,Neither_healthy_no_unhealthy,Male,Foolproof Rib Roast
14364,b35_45,US,MSc,"['Lactose intolerance', ' Pescatarian']","['Eat less salt', 'Eat more fruit', 'Eat more vegetables']",High,Healthy,Female,Simple Carnitas
14365,b35_45,US,BA,['Diabetes'],['Eat less sugar'],Medium,Healthy,Male,Crispy Fried Chicken
14367,b25_35,US,BA,"['Diabetes', ' Lactose intolerance', ' Pescatarian']","['Eat less salt', 'Eat less sugar', 'Eat more fruit', 'Eat more protein', 'Eat more vegetables']",High,Healthy,Female,Bacon Jack Chicken Sandwich
14370,b45_55,US,MSc,['Diabetes'],"['Eat less salt', 'Eat less sugar']",High,Healthy,Male,Kickin' London Broil with Bleu Cheese Butter
14371,b35_45,US,BA,['No dietary restrictions'],['No goals'],Medium,Healthy,Male,Spinach Tomato Tortellini
14376,b25_35,US,BA,['No dietary restrictions'],['No goals'],Medium,Healthy,Male,Beer Butt Chicken
14380,b45_55,US,MSc,['Diabetes'],"['Eat less salt', 'Eat less sugar']",High,Healthy,Male,G's Flank Steak Marinade
14385,b35_45,US,BA,['No dietary restrictions'],"['Eat more fruit', 'Eat more protein', 'Eat more vegetables']",High,Very_Healthy,Male,Queenie's Killer Tomato Bagel Sandwich
14386,b45_55,US,MSc,['Kosher'],['Eat more protein'],Medium,Healthy,Female,Teena's Spicy Pesto Chicken and Pasta
14389,b25_35,US,BA,['Vegetarian'],"['Eat less salt', 'Eat less sugar', 'Eat more protein', 'Eat more vegetables']",Medium,Healthy,Male,Three Cheese Manicotti II
14390,b45_55,US,MSc,"['Lactose intolerance', ' Pescatarian', ' Vegetarian']","['Eat more fruit', 'Eat more protein', 'Eat more vegetables']",High,Healthy,Female,Pizza On The Grill I
14391,b45_55,US,MSc,['No dietary restrictions'],"['Eat more fruit', 'Eat more protein', 'Eat more vegetables', 'Gain weight']",Medium,Healthy,Female,Bacon Jack Chicken Sandwich
14392,b35_45,US,BA,['Diabetes'],"['Eat less salt', 'Eat less sugar']",Medium,Healthy,Male,Spinach and Feta Turkey Burgers
14393,b25_35,US,BA,"['Kosher', ' Lactose intolerance', ' Vegetarian']","['Eat less sugar', 'Eat more fruit', 'Eat more vegetables']",Medium,Neither_healthy_no_unhealthy,Male,Mama's Best Broiled Tomato Sandwich
14394,b25_35,US,High_school,['No dietary restrictions'],['No goals'],Low,Neither_healthy_no_unhealthy,Male,Garlic Prime Rib
14395,b25_35,US,BA,['Diabetes'],['Eat more protein'],Medium,Very_Healthy,Male,Linguine Pasta with Shrimp and Tomatoes
14396,b25_35,US,BA,['Pescatarian'],['Eat more fruit'],High,Very_Healthy,Female,California Grilled Veggie Sandwich
14397,b35_45,US,BA,['No dietary restrictions'],"['Eat less salt', 'Eat less sugar', 'Eat more fruit', 'Eat more protein', 'Eat more vegetables']",High,Neither_healthy_no_unhealthy,Male,Shoyu Chicken
14398,b45_55,US,MSc,['No dietary restrictions'],"['Eat less sugar', 'Eat more fruit', 'Eat more protein']",Medium,Neither_healthy_no_unhealthy,Female,Spinach and Feta Turkey Burgers
14399,b25_35,US,BA,"['Diabetes', ' Kosher', ' Lactose intolerance', ' Pescatarian']","['Eat less salt', 'Eat less sugar', 'Eat more fruit', 'Eat more protein', 'Eat more vegetables']",Very High,Healthy,Female,Grilled Marinated Shrimp
14400,b25_35,US,BA,['Vegetarian'],"['Eat less sugar', 'Eat more fruit', 'Eat more vegetables']",High,Very_Healthy,Male,California Grilled Veggie Sandwich
14401,b25_35,US,BA,"['Kosher', ' Lactose intolerance']","['Eat less sugar', 'Eat more fruit']",High,Healthy,Male,G's Flank Steak Marinade
14402,b45_55,US,MSc,['No dietary restrictions'],"['Eat more fruit', 'Eat more protein', 'Eat more vegetables', 'Gain weight']",Medium,Neither_healthy_no_unhealthy,Female,Charley's Slow Cooker Mexican Style Meat
14403,b25_35,US,BA,"['Diabetes', ' Gluten free']","['Eat less sugar', 'Eat more fruit']",High,Healthy,Male,Grilled Sausage with Potatoes and Green Beans
14404,b25_35,US,BA,['No dietary restrictions'],['No goals'],High,Healthy,Male,Sloppy Joes II
14405,b25_35,US,BA,['Vegetarian'],['Eat more vegetables'],Medium,Very_Healthy,Female,Sausage' Peppers' Onions' and Potato Bake
14406,b25_35,US,BA,"['Halal', ' Kosher', ' Lactose intolerance']","['Eat more protein', 'Eat more vegetables']",Medium,Healthy,Male,Champagne Shrimp and Pasta
14407,b45_55,US,MSc,['Vegetarian'],['No goals'],High,Healthy,Male,Italian Subs - Restaurant Style
14408,b25_35,US,MSc,['Vegetarian'],['Eat more fruit'],High,Very_Healthy,Male,Queenie's Killer Tomato Bagel Sandwich
14409,b45_55,US,MSc,['No dietary restrictions'],"['Eat more fruit', 'Eat more protein', 'Eat more vegetables', 'Gain weight']",Medium,Neither_healthy_no_unhealthy,Female,Chicken Asparagus Roll-Ups
14410,b25_35,US,BA,['No dietary restrictions'],['Eat more protein'],High,Very_Healthy,Male,Kickin' London Broil with Bleu Cheese Butter
14411,b35_45,US,BA,['No dietary restrictions'],['No goals'],Low,Neither_healthy_no_unhealthy,Male,Bacon Jack Chicken Sandwich
14412,b35_45,US,MSc,"['Diabetes', ' Vegetarian']","['Eat less sugar', 'Eat more protein']",High,Healthy,Female,Simple Carnitas
14413,b35_45,US,High_school,['No dietary restrictions'],"['Eat less salt', 'Eat less sugar', 'Gain weight']",Low,Healthy,Male,Simple Carnitas
14414,b25_35,US,High_school,['No dietary restrictions'],['No goals'],Medium,Healthy,Male,Charley's Slow Cooker Mexican Style Meat
14415,b45_55,US,BA,['Diabetes'],['No goals'],High,Very_Healthy,Female,Queenie's Killer Tomato Bagel Sandwich
14416,b25_35,US,BA,['Vegetarian'],['Eat less sugar'],High,Healthy,Female,Queenie's Killer Tomato Bagel Sandwich
14417,b25_35,US,BA,['Vegetarian'],['Eat more fruit'],Medium,Very_Healthy,Female,Pico de Gallo Chicken Quesadillas
14418,bover_55,US,BA,['No dietary restrictions'],['Lose weight'],Medium,Healthy,Female,Slow Cooker Cilantro Lime Chicken
14419,b25_35,US,BA,"['Halal', ' Kosher', ' Vegetarian']","['Eat less sugar', 'Eat more fruit', 'Eat more protein']",High,Healthy,Female,Soul Smothered Chicken
14420,b35_45,US,BA,['Pescatarian'],['Eat more fruit'],High,Healthy,Female,Marinated Grilled Shrimp
14421,b18_24,US,BA,['Vegetarian'],"['Eat more fruit', 'Eat more protein', 'Gain weight']",Medium,Neither_healthy_no_unhealthy,Male,Grilled Tilapia with Mango Salsa
14422,b45_55,US,MSc,['Vegetarian'],['No goals'],High,Very_Healthy,Female,Firecracker Grilled Alaska Salmon
14423,b45_55,US,High_school,['No dietary restrictions'],['No goals'],High,Healthy,Male,Queenie's Killer Tomato Bagel Sandwich
14424,b25_35,US,MSc,['Vegetarian'],"['Eat more fruit', 'Eat more protein', 'Eat more vegetables']",High,Healthy,Male,Italian Sausage' Peppers' and Onions
14425,b25_35,US,BA,['No dietary restrictions'],['No goals'],High,Neither_healthy_no_unhealthy,Male,Linguine Pasta with Shrimp and Tomatoes
14426,b45_55,US,High_school,['No dietary restrictions'],['No goals'],Low,Neither_healthy_no_unhealthy,Female,Stuffed Shells III
14427,b25_35,US,High_school,['No dietary restrictions'],['No goals'],Medium,Healthy,Male,Best Tuna Melt (New Jersey Diner Style)
14428,bover_55,US,High_school,['Vegetarian'],['No goals'],Medium,Healthy,Male,Queenie's Killer Tomato Bagel Sandwich
14429,bover_55,US,High_school,['No dietary restrictions'],['No goals'],Medium,Healthy,Female,Spinach Quiche
14430,b25_35,US,MSc,['Diabetes'],['Eat more vegetables'],High,Healthy,Male,Sausage' Peppers' Onions' and Potato Bake
16284,b18_24,AL,BA,"['No dietary restrictions', ' Gluten free']",['Lose weight'],Very_Low,Unhealthy,Female,Pizza On The Grill I
16285,under_18,AF,High_school,['Diabetes'],['No goals'],Very_Low,Very_unhealthy,Male,Mama's Best Broiled Tomato Sandwich
16286,b25_35,US,BA,['No dietary restrictions'],['No goals'],Medium,Healthy,Male,Chicken Souvlaki Gyro Style
16287,bover_55,US,BA,['No dietary restrictions'],"['Eat less sugar', ' Eat more vegetables', ' Lose weight']",Medium,Neither_healthy_no_unhealthy,Female,Pork Chops Stuffed with Smoked Gouda and Bacon
16288,b35_45,US,High_school,"['No dietary restrictions', ' Diabetes']","['Eat less salt', ' Eat less sugar', ' Eat more fruit']",Medium,Neither_healthy_no_unhealthy,Male,Queenie's Killer Tomato Bagel Sandwich
16289,b35_45,US,High_school,['No dietary restrictions'],['Eat more vegetables'],Very_Low,Neither_healthy_no_unhealthy,Male,Sesame Seared Tuna
16290,b45_55,US,High_school,['No dietary restrictions'],['No goals'],Medium,Healthy,Female,Marinated Grilled Shrimp
16291,b35_45,US,BA,['No dietary restrictions'],"['Eat less salt', ' Lose weight']",Low,Neither_healthy_no_unhealthy,Male,Spicy Grilled Shrimp
16292,b25_35,US,MSc,"['Halal', ' Vegetarian']","['Eat less salt', ' Eat more protein']",High,Healthy,Male,Baked Halibut Steaks
16293,b25_35,US,BA,['No dietary restrictions'],"['Eat less salt', ' Eat less sugar', ' Eat more vegetables']",High,Healthy,Male,Roast Leg of Lamb with Rosemary
16294,b35_45,US,MSc,['Diabetes'],"['Eat more fruit', ' Eat more protein', ' Eat more vegetables', ' Gain weight']",High,Very_Healthy,Male,Queenie's Killer Tomato Bagel Sandwich
16295,b25_35,US,MSc,"['Diabetes', ' Gluten free', ' Halal']","['Eat less sugar', ' Eat more vegetables']",High,Very_Healthy,Male,Simple Carnitas
16296,b25_35,US,BA,['No dietary restrictions'],"['Eat less sugar', ' Eat more vegetables']",Medium,Neither_healthy_no_unhealthy,Male,Bacon Jack Chicken Sandwich
16297,b35_45,US,BA,['Vegetarian'],['Lose weight'],Medium,Healthy,Female,Farmer's Market Vegetarian Quesadillas
16298,b45_55,US,BA,['No dietary restrictions'],['No goals'],Medium,Neither_healthy_no_unhealthy,Male,Brown Sugar Meatloaf
16299,b45_55,US,BA,['No dietary restrictions'],['No goals'],Medium,Healthy,Male,G's Flank Steak Marinade
16300,bover_55,US,MSc,['Kosher'],"['Eat less sugar', ' Eat more protein', ' Eat more vegetables']",High,Healthy,Female,Spinach and Feta Turkey Burgers
16301,bover_55,US,High_school,['No dietary restrictions'],['No goals'],High,Unhealthy,refuse_to_disc,Cajun Chicken Pasta
16302,b35_45,US,MSc,['Vegetarian'],"['Eat more fruit', ' Eat more vegetables']",Medium,Healthy,Male,Italian Subs - Restaurant Style
16303,b25_35,US,High_school,['No dietary restrictions'],['No goals'],Medium,Very_Healthy,Male,Kickin' London Broil with Bleu Cheese Butter
16304,b35_45,US,High_school,['No dietary restrictions'],['Gain weight'],Low,Neither_healthy_no_unhealthy,Male,Juicy Lucy Burgers
16305,b25_35,US,High_school,['No dietary restrictions'],['Lose weight'],Medium,Neither_healthy_no_unhealthy,Male,Cajun Chicken Pasta
16306,b35_45,US,BA,['No dietary restrictions'],['No goals'],Medium,Neither_healthy_no_unhealthy,Male,Sarge's EZ Pulled Pork BBQ
16307,b35_45,US,MSc,['No dietary restrictions'],"['Eat more fruit', ' Eat more protein', ' Eat more vegetables', ' Gain weight']",High,Very_Healthy,Male,Black Bean and Corn Quesadillas
16308,b25_35,US,BA,['No dietary restrictions'],"['Eat more fruit', ' Eat more vegetables']",High,Very_Healthy,Male,Spinach and Feta Pita Bake
16309,b25_35,US,MSc,"['Halal', ' Lactose intolerance', ' Pescatarian']","['Eat less salt', ' Eat less sugar', ' Eat more fruit', ' Eat more vegetables']",High,Very_Healthy,Male,Kickin' London Broil with Bleu Cheese Butter
16310,b25_35,US,Doctorate,"['Halal', ' Kosher', ' Lactose intolerance', ' Pescatarian', ' Vegetarian']","['Eat less salt', ' Eat less sugar', ' Eat more fruit', ' Eat more protein']",High,Very_Healthy,Male,Ray's Chicken
16312,b35_45,US,BA,['No dietary restrictions'],['No goals'],Medium,Healthy,Female,Bow Ties with Sausage' Tomatoes and Cream
16313,b35_45,US,Less_high_school,['No dietary restrictions'],['No goals'],Medium,Unhealthy,Female,Garlic Salmon
16314,b45_55,US,BA,['No dietary restrictions'],['Lose weight'],Medium,Neither_healthy_no_unhealthy,Male,Grilled Sausage with Potatoes and Green Beans
16315,b35_45,US,BA,['No dietary restrictions'],"['Eat less sugar', ' Eat more protein']",Medium,Healthy,Male,Sarge's EZ Pulled Pork BBQ
16316,b35_45,US,BA,['No dietary restrictions'],"['Eat less sugar', ' Eat more protein', ' Eat more vegetables']",Medium,Healthy,Male,Sarge's EZ Pulled Pork BBQ
16317,b35_45,US,High_school,['No dietary restrictions'],"['Eat less salt', ' Eat less sugar', ' Eat more fruit', ' Eat more protein', ' Eat more vegetables', ' Lose weight']",Very High,Neither_healthy_no_unhealthy,Male,Chicken and Bacon Shish Kabobs
16318,b45_55,US,High_school,['No dietary restrictions'],"['Eat less salt', ' Eat less sugar', ' Eat more protein']",High,Neither_healthy_no_unhealthy,Female,Marinated Pork Tenderloin
16319,bover_55,US,MSc,['No dietary restrictions'],['Lose weight'],Medium,Healthy,Female,Dijon-Tarragon Cream Chicken
16320,b45_55,US,BA,['No dietary restrictions'],"['Eat less sugar', ' Eat more protein', ' Gain weight']",Medium,Healthy,Male,Stuffed Shells I
16321,b25_35,US,BA,"['Gluten free', ' Kosher', ' Pescatarian', ' Vegetarian']","['Eat more fruit', ' Eat more protein', ' Eat more vegetables', ' Lose weight']",High,Healthy,Female,California Grilled Veggie Sandwich
16322,b45_55,US,BA,['Vegetarian'],['Eat more vegetables'],High,Neither_healthy_no_unhealthy,Female,California Grilled Veggie Sandwich
16323,b45_55,US,BA,['Diabetes'],['No goals'],High,Healthy,Male,Sarge's EZ Pulled Pork BBQ
16325,b25_35,US,BA,['Gluten free'],"['Eat less salt', ' Eat more fruit']",High,Healthy,Male,Pizza On The Grill I
16326,b25_35,US,MSc,"['Halal', ' Kosher', ' Lactose intolerance']","['Eat less salt', ' Eat less sugar', ' Eat more fruit']",High,Very_Healthy,Male,Grilled Tilapia with Mango Salsa
16327,b25_35,US,BA,['No dietary restrictions'],"['Eat more fruit', ' Eat more protein', ' Eat more vegetables']",Medium,Very_Healthy,Male,BBQ Pork for Sandwiches
16328,bover_55,US,High_school,['No dietary restrictions'],['Lose weight'],High,Healthy,Female,Simple BBQ Ribs
16329,b25_35,US,MSc,"['Gluten free', ' Pescatarian']","['Eat less sugar', ' Eat more protein']",High,Very_Healthy,Male,Pizza On The Grill I
16330,b25_35,US,High_school,['No dietary restrictions'],['No goals'],Medium,Unhealthy,Male,Chicken Cordon Bleu II
16331,b25_35,US,High_school,['No dietary restrictions'],['Lose weight'],Medium,Neither_healthy_no_unhealthy,Male,Best Beef Dip Ever
16332,b25_35,US,BA,['No dietary restrictions'],"['Eat less salt', ' Eat less sugar', ' Eat more fruit', ' Eat more vegetables']",High,Healthy,Female,Blackened Tilapia with Secret Hobo Spices
16333,b45_55,US,BA,['Diabetes'],"['No goals', ' Eat more fruit']",High,Neither_healthy_no_unhealthy,Male,Sarge's EZ Pulled Pork BBQ
16334,b35_45,US,MSc,['No dietary restrictions'],['No goals'],High,Neither_healthy_no_unhealthy,Female,Charley's Slow Cooker Mexican Style Meat
16335,b18_24,US,High_school,['Vegetarian'],"['Eat less salt', ' Eat less sugar', ' Eat more fruit', ' Eat more protein', ' Eat more vegetables']",Medium,Healthy,Female,Italian Subs - Restaurant Style
16336,b35_45,US,Doctorate,['No dietary restrictions'],['No goals'],High,Healthy,Female,Chicken In Basil Cream
16337,b25_35,US,High_school,"['Diabetes', ' Lactose intolerance']",['Lose weight'],High,Neither_healthy_no_unhealthy,Female,Sausage' Peppers' Onions' and Potato Bake
16338,b35_45,US,MSc,['No dietary restrictions'],['No goals'],Medium,Neither_healthy_no_unhealthy,Male,Spinach and Feta Turkey Burgers
16339,b25_35,US,MSc,['No dietary restrictions'],"['Eat more protein', ' Eat more vegetables', ' Lose weight']",High,Very_Healthy,Male,Spinach Cheese Manicotti
16340,b25_35,US,High_school,['No dietary restrictions'],['No goals'],Low,Neither_healthy_no_unhealthy,Male,Scott Hibb's Amazing Whisky Grilled Baby Back Ribs
16341,b25_35,US,MSc,['Vegetarian'],"['Eat less sugar', ' Eat more fruit', ' Eat more vegetables']",Low,Neither_healthy_no_unhealthy,Male,California Grilled Veggie Sandwich
16342,b35_45,US,BA,['No dietary restrictions'],['No goals'],Medium,Neither_healthy_no_unhealthy,Female,Bow Ties with Sausage' Tomatoes and Cream
16343,b25_35,US,BA,['No dietary restrictions'],['Eat more fruit'],High,Healthy,Male,Rosemary Lemon Grilled Chicken
16344,b35_45,US,BA,['No dietary restrictions'],"['Eat less sugar', ' Lose weight']",Medium,Neither_healthy_no_unhealthy,Male,Quick Chicken Piccata
16345,b25_35,US,BA,['No dietary restrictions'],['No goals'],Low,Very_unhealthy,Male,Scott Hibb's Amazing Whisky Grilled Baby Back Ribs
16346,b25_35,US,BA,"['Gluten free', ' Halal', ' Lactose intolerance', ' Vegetarian']","['Eat more fruit', ' Eat more protein', ' Eat more vegetables', ' Lose weight']",High,Healthy,Male,Pizza On The Grill I
16347,b35_45,US,High_school,['No dietary restrictions'],['No goals'],Medium,Neither_healthy_no_unhealthy,Female,Quick and Easy Mexican Chicken
16348,b35_45,US,BA,['Diabetes'],['Eat more protein'],Medium,Neither_healthy_no_unhealthy,refuse_to_disc,Chipotle Shrimp Tacos
16349,b45_55,US,BA,['No dietary restrictions'],['No goals'],Medium,Neither_healthy_no_unhealthy,Male,Smoky Grilled Pork Chops
16350,bover_55,US,High_school,['No dietary restrictions'],['No goals'],Medium,Healthy,Female,Broiled Tilapia Parmesan
16351,b35_45,US,BA,['No dietary restrictions'],['No goals'],High,Healthy,Male,Foolproof Rib Roast
16352,b25_35,US,High_school,['No dietary restrictions'],"['Eat more fruit', ' Eat more vegetables', ' Gain weight']",Medium,Unhealthy,Male,Herb Roasted Pork
16353,b35_45,US,MSc,['Diabetes'],['Eat more protein'],High,Very_Healthy,Female,Pico de Gallo Chicken Quesadillas
16354,b25_35,US,High_school,['No dietary restrictions'],"['Eat less salt', ' Eat less sugar', ' Eat more fruit']",Medium,Healthy,Male,Peppered Shrimp Alfredo
16355,b35_45,US,BA,['No dietary restrictions'],"['Eat more fruit', ' Eat more vegetables', ' Gain weight']",High,Healthy,Female,Chicken Souvlaki Gyro Style
16356,b45_55,US,MSc,['No dietary restrictions'],['Lose weight'],Low,Unhealthy,Female,Teena's Spicy Pesto Chicken and Pasta
16357,b35_45,US,MSc,['No dietary restrictions'],"['Eat more vegetables', ' Lose weight']",High,Very_Healthy,Male,Easy Chicken Satay
16358,b25_35,VI,MSc,['No dietary restrictions'],['Eat more fruit'],Medium,Healthy,Male,Italian Sausage' Peppers' and Onions
16359,b25_35,US,High_school,['No dietary restrictions'],['No goals'],High,Unhealthy,Female,Beef Bulgogi
16360,b25_35,US,High_school,['No dietary restrictions'],['No goals'],Low,Neither_healthy_no_unhealthy,Female,Shrimp and Mushroom Linguini with Creamy Cheese Herb Sauce
16361,b35_45,US,BA,['No dietary restrictions'],['No goals'],Low,Unhealthy,Male,G's Flank Steak Marinade
16362,b35_45,US,BA,['No dietary restrictions'],['No goals'],Low,Neither_healthy_no_unhealthy,Male,Tomato Chicken Parmesan
16363,b25_35,US,High_school,['No dietary restrictions'],['Eat less sugar'],Low,Unhealthy,Male,Smoky Grilled Pork Chops
16364,b35_45,US,BA,"['Gluten free', ' Allergies']","['Eat more protein', ' Eat more vegetables', ' Lose weight']",High,Healthy,Female,Tasty Lentil Tacos
16365,b25_35,US,High_school,['Gluten free'],"['Eat less sugar', ' Eat more protein', ' Eat more vegetables']",Medium,Healthy,Male,California Grilled Veggie Sandwich
16366,bover_55,FI,Less_high_school,['Gluten free'],['Eat less salt'],Very_Low,Very_unhealthy,Male,Pizza On The Grill I
16367,b35_45,US,BA,['Diabetes'],['Eat less salt'],High,Healthy,Female,Pizza On The Grill I
16368,b35_45,US,Doctorate,['No dietary restrictions'],['No goals'],Very_Low,Neither_healthy_no_unhealthy,Male,Spinach Tomato Tortellini
16369,b25_35,US,BA,['No dietary restrictions'],"['Eat less sugar', ' Eat more fruit', ' Eat more protein', ' Eat more vegetables', ' Lose weight']",Medium,Healthy,Female,Authentic Louisiana Red Beans and Rice
16370,b45_55,US,BA,['No dietary restrictions'],['Lose weight'],Medium,Healthy,Female,Honey Garlic Ribs
16371,b25_35,US,BA,['Vegetarian'],['Eat more fruit'],High,Healthy,Male,Spinach Cheese Manicotti
16372,b35_45,US,BA,['Vegetarian'],"['Eat less salt', ' Eat less sugar', ' Eat more protein', ' Eat more vegetables', ' Lose weight']",Very High,Healthy,Female,Farmer's Market Vegetarian Quesadillas
16373,b25_35,US,BA,['No dietary restrictions'],['Lose weight'],Medium,Healthy,Male,Charley's Slow Cooker Mexican Style Meat
16374,b25_35,US,MSc,['Gluten free'],['Eat more fruit'],Medium,Unhealthy,Male,Slow Cooker Cilantro Lime Chicken
16375,b35_45,US,BA,['No dietary restrictions'],"['Eat less sugar', ' Eat more vegetables']",Low,Healthy,Female,Slow Cooker Cilantro Lime Chicken
16376,b45_55,US,High_school,['Gluten free'],"['Eat more fruit', ' Eat more protein', ' Eat more vegetables']",High,Healthy,Female,Quick Chicken Piccata
16377,b25_35,US,BA,['No dietary restrictions'],['Eat less sugar'],High,Neither_healthy_no_unhealthy,Male,G's Flank Steak Marinade
16378,b25_35,US,MSc,['No dietary restrictions'],['Eat less sugar'],Medium,Healthy,Male,G's Flank Steak Marinade
16379,b25_35,US,MSc,"['Halal', ' Vegetarian']","['Eat less salt', ' Eat more fruit', ' Eat more vegetables']",Medium,Healthy,Male,Lamb Chops with Balsamic Reduction
16380,b35_45,US,MSc,['Allergies'],"['Eat less salt', ' Eat less sugar', ' Eat more fruit', ' Eat more protein', ' Eat more vegetables', ' Gain weight', ' Lose weight']",Medium,Healthy,Male,Cajun Chicken Pasta
16381,b35_45,US,High_school,['Lactose intolerance'],['Lose weight'],Medium,Very_unhealthy,Female,Spinach and Feta Turkey Burgers
16382,b35_45,US,BA,['No dietary restrictions'],"['Eat less salt', ' Gain weight']",Medium,Unhealthy,Female,Kathy's Roast and Vegetables
16383,b45_55,US,MSc,"['Lactose intolerance', ' Vegetarian']","['No goals', ' Eat more fruit', ' Eat more protein', ' Eat more vegetables']",High,Healthy,Male,Pizza On The Grill I
16384,b45_55,US,High_school,"['Gluten free', ' Lactose intolerance']",['No goals'],Low,Very_unhealthy,Female,Boiled Chicken
16385,b35_45,US,MSc,"['No dietary restrictions', ' Gluten free', ' Allergies']","['Eat more fruit', ' Eat more protein', ' Eat more vegetables']",Medium,Healthy,Male,Spicy Rapid Roast Chicken
